server_name,tool_name,parameter_name,schema_type,datatype,parameter_description,is_required
airtable,airtable_list_tables,base_id,Input,String,ID of the base,Required
airtable,airtable_create_table,description,Input,String,Description of the table,Optional
airtable,airtable_create_table,base_id,Input,String,ID of the base,Required
airtable,airtable_create_table,fields,Input,Array,Initial fields for the table,Optional
airtable,airtable_create_table,table_name,Input,String,Name of the new table,Required
airtable,airtable_update_table,description,Input,String,New description for the table,Optional
airtable,airtable_update_table,base_id,Input,String,ID of the base,Required
airtable,airtable_update_table,table_id,Input,String,ID of the table to update,Required
airtable,airtable_update_table,name,Input,String,New name for the table,Optional
airtable,airtable_create_field,base_id,Input,String,ID of the base,Required
airtable,airtable_create_field,table_id,Input,String,ID of the table,Required
airtable,airtable_create_field,field,Input,Object,,Required
airtable,airtable_update_field,base_id,Input,String,ID of the base,Required
airtable,airtable_update_field,updates,Input,Object,,Required
airtable,airtable_update_field,table_id,Input,String,ID of the table,Required
airtable,airtable_update_field,field_id,Input,String,ID of the field to update,Required
airtable,airtable_list_records,base_id,Input,String,ID of the base,Required
airtable,airtable_list_records,table_name,Input,String,Name of the table,Required
airtable,airtable_list_records,max_records,Input,Number,Maximum number of records to return,Optional
airtable,airtable_create_record,base_id,Input,String,ID of the base,Required
airtable,airtable_create_record,fields,Input,Object,Record fields as key-value pairs,Required
airtable,airtable_create_record,table_name,Input,String,Name of the table,Required
airtable,airtable_update_record,base_id,Input,String,ID of the base,Required
airtable,airtable_update_record,fields,Input,Object,Record fields to update as key-value pairs,Required
airtable,airtable_update_record,table_name,Input,String,Name of the table,Required
airtable,airtable_update_record,record_id,Input,String,ID of the record to update,Required
airtable,airtable_delete_record,base_id,Input,String,ID of the base,Required
airtable,airtable_delete_record,table_name,Input,String,Name of the table,Required
airtable,airtable_delete_record,record_id,Input,String,ID of the record to delete,Required
airtable,airtable_search_records,base_id,Input,String,ID of the base,Required
airtable,airtable_search_records,table_name,Input,String,Name of the table,Required
airtable,airtable_search_records,field_name,Input,String,Name of the field to search in,Required
airtable,airtable_search_records,value,Input,String,Value to search for,Required
airtable,airtable_get_record,base_id,Input,String,ID of the base,Required
airtable,airtable_get_record,table_name,Input,String,Name of the table,Required
airtable,airtable_get_record,record_id,Input,String,ID of the record to retrieve,Required
alchemy,alchemy_fetchTokenPriceBySymbol,symbols,Input,Array,"A list of blockchaintoken symbols to query. e.g. [""BTC"", ""ETH""]",Required
alchemy,alchemy_fetchTokenPriceByAddress,addresses,Input,Array,A list of token contract address and network pairs,Required
alchemy,alchemy_fetchTokenPriceHistoryBySymbol,startTime,Input,String,"The start time date to query. e.g. ""2021-01-01""",Required
alchemy,alchemy_fetchTokenPriceHistoryBySymbol,symbol,Input,String,"The token symbol to query. e.g. ""BTC"" or ""ETH""",Required
alchemy,alchemy_fetchTokenPriceHistoryBySymbol,interval,Input,String,"The interval to query. e.g. ""1d"" or ""1h""",Required
alchemy,alchemy_fetchTokenPriceHistoryBySymbol,endTime,Input,String,"The end time date to query. e.g. ""2021-01-01""",Required
alchemy,alchemy_fetchTokenPriceHistoryByTimeFrame,timeFrame,Input,String,"Time frame like ""last-week"", ""past-7d"", ""ytd"", ""last-month"", etc. or use natural language like ""last week""",Required
alchemy,alchemy_fetchTokenPriceHistoryByTimeFrame,interval,Input,String,"The interval to query. e.g. ""1d"" or ""1h""",Optional
alchemy,alchemy_fetchTokenPriceHistoryByTimeFrame,symbol,Input,String,"The token symbol to query. e.g. ""BTC"" or ""ETH""",Required
alchemy,alchemy_fetchTokenPriceHistoryByTimeFrame,useNaturalLanguageProcessing,Input,Boolean,"If true, will interpret timeFrame as natural language",Optional
alchemy,alchemy_fetchTokensOwnedByMultichainAddresses,addresses,Input,Array,A list of wallet address and network pairs,Required
alchemy,alchemy_fetchAddressTransactionHistory,before,Input,String,The cursor that points to the previous set of results. Use this to paginate through the results.,Optional
alchemy,alchemy_fetchAddressTransactionHistory,addresses,Input,Array,A list of wallet address and network pairs,Required
alchemy,alchemy_fetchAddressTransactionHistory,limit,Input,Number,The number of results to return. Default is 25. Max is 100,Optional
alchemy,alchemy_fetchAddressTransactionHistory,after,Input,String,The cursor that points to the next set of results. Use this to paginate through the results.,Optional
alchemy,alchemy_fetchTransfers,fromBlock,Input,String,"The block number to start the search from. e.g. ""1234567890"". Inclusive from block (hex string, int, latest, or indexed).",Optional
alchemy,alchemy_fetchTransfers,contractAddresses,Input,Array,"The contract addresses to query. e.g. [""0x1234567890123456789012345678901234567890""]",Optional
alchemy,alchemy_fetchTransfers,maxCount,Input,String,"The maximum number of results to return. e.g. ""0x3E8"".",Optional
alchemy,alchemy_fetchTransfers,withMetadata,Input,Boolean,Whether to include metadata in the results.,Optional
alchemy,alchemy_fetchTransfers,toAddress,Input,String,The wallet address to query the transfer was sent to.,Optional
alchemy,alchemy_fetchTransfers,order,Input,String,"The order of the results. e.g. ""asc"" or ""desc"".",Optional
alchemy,alchemy_fetchTransfers,excludeZeroValue,Input,Boolean,Whether to exclude zero value transfers.,Optional
alchemy,alchemy_fetchTransfers,fromAddress,Input,String,The wallet address to query the transfer was sent from.,Optional
alchemy,alchemy_fetchTransfers,toBlock,Input,String,"The block number to end the search at. e.g. ""1234567890"". Inclusive to block (hex string, int, latest, or indexed).",Optional
alchemy,alchemy_fetchTransfers,network,Input,String,"The blockchain network to query. e.g. ""eth-mainnet"" or ""base-mainnet"").",Optional
alchemy,alchemy_fetchTransfers,pageKey,Input,String,The cursor to start the search from. Use this to paginate through the results.,Optional
alchemy,alchemy_fetchTransfers,category,Input,Array,"The category of transfers to query. e.g. ""external"" or ""internal""",Optional
alchemy,alchemy_fetchNftsOwnedByMultichainAddresses,withMetadata,Input,Boolean,Whether to include metadata in the results.,Optional
alchemy,alchemy_fetchNftsOwnedByMultichainAddresses,pageSize,Input,Number,The number of results to return. Default is 100. Max is 100,Optional
alchemy,alchemy_fetchNftsOwnedByMultichainAddresses,pageKey,Input,String,The cursor to start the search from. Use this to paginate through the results.,Optional
alchemy,alchemy_fetchNftsOwnedByMultichainAddresses,addresses,Input,Array,A list of wallet address and network pairs,Required
alchemy,alchemy_fetchNftContractDataByMultichainAddress,withMetadata,Input,Boolean,Whether to include metadata in the results.,Optional
alchemy,alchemy_fetchNftContractDataByMultichainAddress,addresses,Input,Array,A list of wallet address and network pairs,Required
arxiv,arxiv_search_papers,date_to,Input,String,,Optional
arxiv,arxiv_search_papers,query,Input,String,,Required
arxiv,arxiv_search_papers,max_results,Input,Integer,,Optional
arxiv,arxiv_search_papers,categories,Input,Array,,Optional
arxiv,arxiv_search_papers,date_from,Input,String,,Optional
arxiv,arxiv_download_paper,paper_id,Input,String,The arXiv ID of the paper to download,Required
arxiv,arxiv_download_paper,check_status,Input,Boolean,"If true, only check conversion status without downloading",Optional
arxiv,arxiv_read_paper,paper_id,Input,String,The arXiv ID of the paper to read,Required
brave-search,brave-search_brave_web_search,offset,Input,Number,"Pagination offset (max 9, default 0)",Optional
brave-search,brave-search_brave_web_search,query,Input,String,"Search query (max 400 chars, 50 words)",Required
brave-search,brave-search_brave_web_search,count,Input,Number,"Number of results (1-20, default 10)",Optional
brave-search,brave-search_brave_local_search,query,Input,String,Local search query (e.g. 'pizza near Central Park'),Required
brave-search,brave-search_brave_local_search,count,Input,Number,"Number of results (1-20, default 5)",Optional
calculator,calculator_calculate,expression,Input,String,,Required
calculator,calculator_calculate,result,Output,String,,Required
cli-mcp-server,cli-mcp-server_run_command,command,Input,String,Single command to execute (example: 'ls -l' or 'cat file.txt'),Required
clinicaltrialsgov-mcp-server,clinicaltrialsgov-mcp-server_clinicaltrials_get_study,fields,Input,Array,"An optional list of specific top-level fields to include in the response. If omitted, all fields are returned.",Optional
clinicaltrialsgov-mcp-server,clinicaltrialsgov-mcp-server_clinicaltrials_get_study,nctIds,Input,String,"A single NCT ID or an array of up to 5 NCT IDs. Each must follow the format 'NCT' followed by 8 digits (e.g., 'NCT12345678').",Required
clinicaltrialsgov-mcp-server,clinicaltrialsgov-mcp-server_clinicaltrials_get_study,summaryOnly,Input,Boolean,"If true, returns a condensed summary of the study instead of the full data. Defaults to false.",Optional
clinicaltrialsgov-mcp-server,clinicaltrialsgov-mcp-server_clinicaltrials_get_study,markupFormat,Input,String,Specifies the format for rich text fields in the response. Defaults to 'markdown'.,Optional
clinicaltrialsgov-mcp-server,clinicaltrialsgov-mcp-server_clinicaltrials_list_studies,pageSize,Input,Integer,The number of studies to return per page (1-1000). Defaults to 5.,Optional
clinicaltrialsgov-mcp-server,clinicaltrialsgov-mcp-server_clinicaltrials_list_studies,query,Input,Object,A set of search terms that influence result ranking.,Optional
clinicaltrialsgov-mcp-server,clinicaltrialsgov-mcp-server_clinicaltrials_list_studies,sort,Input,Array,Specify the sort order for the results.,Optional
clinicaltrialsgov-mcp-server,clinicaltrialsgov-mcp-server_clinicaltrials_list_studies,fields,Input,Array,A list of specific top-level fields to include in the response.,Optional
clinicaltrialsgov-mcp-server,clinicaltrialsgov-mcp-server_clinicaltrials_list_studies,countTotal,Input,Boolean,"If true, includes the total count of matching studies in the response.",Optional
clinicaltrialsgov-mcp-server,clinicaltrialsgov-mcp-server_clinicaltrials_list_studies,pageToken,Input,String,A token used to retrieve the next page of results.,Optional
clinicaltrialsgov-mcp-server,clinicaltrialsgov-mcp-server_clinicaltrials_list_studies,filter,Input,Object,A set of filters that narrow the search results without affecting ranking.,Optional
clinicaltrialsgov-mcp-server,clinicaltrialsgov-mcp-server_clinicaltrials_analyze_trends,query,Input,Object,A set of search terms that influence result ranking.,Optional
clinicaltrialsgov-mcp-server,clinicaltrialsgov-mcp-server_clinicaltrials_analyze_trends,analysisType,Input,String,The type of statistical analysis to perform on the study set.,Required
clinicaltrialsgov-mcp-server,clinicaltrialsgov-mcp-server_clinicaltrials_analyze_trends,filter,Input,Object,A set of filters that narrow the search results without affecting ranking.,Optional
context7,context7_resolve-library-id,libraryName,Input,String,Library name to search for and retrieve a Context7-compatible library ID.,Required
context7,context7_get-library-docs,tokens,Input,Number,Maximum number of tokens of documentation to retrieve (default: 10000). Higher values provide more context but consume more tokens.,Optional
context7,context7_get-library-docs,context7CompatibleLibraryID,Input,String,"Exact Context7-compatible library ID (e.g., '/mongodb/docs', '/vercel/next.js', '/supabase/supabase', '/vercel/next.js/v14.3.0-canary.87') retrieved from 'resolve-library-id' or directly from user query in the format '/org/project' or '/org/project/version'.",Required
context7,context7_get-library-docs,topic,Input,String,"Topic to focus documentation on (e.g., 'hooks', 'routing').",Optional
ddg-search,ddg-search_search,max_results,Input,Integer,,Optional
ddg-search,ddg-search_search,query,Input,String,,Required
ddg-search,ddg-search_search,result,Output,String,,Required
ddg-search,ddg-search_fetch_content,url,Input,String,,Required
ddg-search,ddg-search_fetch_content,result,Output,String,,Required
desktop-commander,desktop-commander_set_config_value,key,Input,String,,Required
desktop-commander,desktop-commander_set_config_value,value,Input,String,,Optional
desktop-commander,desktop-commander_read_file,offset,Input,Number,,Optional
desktop-commander,desktop-commander_read_file,path,Input,String,,Required
desktop-commander,desktop-commander_read_file,length,Input,Number,,Optional
desktop-commander,desktop-commander_read_file,isUrl,Input,Boolean,,Optional
desktop-commander,desktop-commander_read_multiple_files,paths,Input,Array,,Required
desktop-commander,desktop-commander_write_file,mode,Input,String,,Optional
desktop-commander,desktop-commander_write_file,content,Input,String,,Required
desktop-commander,desktop-commander_write_file,path,Input,String,,Required
desktop-commander,desktop-commander_create_directory,path,Input,String,,Required
desktop-commander,desktop-commander_list_directory,path,Input,String,,Required
desktop-commander,desktop-commander_move_file,destination,Input,String,,Required
desktop-commander,desktop-commander_move_file,source,Input,String,,Required
desktop-commander,desktop-commander_search_files,path,Input,String,,Required
desktop-commander,desktop-commander_search_files,timeoutMs,Input,Number,,Optional
desktop-commander,desktop-commander_search_files,pattern,Input,String,,Required
desktop-commander,desktop-commander_search_code,ignoreCase,Input,Boolean,,Optional
desktop-commander,desktop-commander_search_code,path,Input,String,,Required
desktop-commander,desktop-commander_search_code,contextLines,Input,Number,,Optional
desktop-commander,desktop-commander_search_code,includeHidden,Input,Boolean,,Optional
desktop-commander,desktop-commander_search_code,filePattern,Input,String,,Optional
desktop-commander,desktop-commander_search_code,pattern,Input,String,,Required
desktop-commander,desktop-commander_search_code,timeoutMs,Input,Number,,Optional
desktop-commander,desktop-commander_search_code,maxResults,Input,Number,,Optional
desktop-commander,desktop-commander_get_file_info,path,Input,String,,Required
desktop-commander,desktop-commander_edit_block,old_string,Input,String,,Required
desktop-commander,desktop-commander_edit_block,new_string,Input,String,,Required
desktop-commander,desktop-commander_edit_block,file_path,Input,String,,Required
desktop-commander,desktop-commander_edit_block,expected_replacements,Input,Number,,Optional
desktop-commander,desktop-commander_start_process,timeout_ms,Input,Number,,Required
desktop-commander,desktop-commander_start_process,shell,Input,String,,Optional
desktop-commander,desktop-commander_start_process,command,Input,String,,Required
desktop-commander,desktop-commander_read_process_output,timeout_ms,Input,Number,,Optional
desktop-commander,desktop-commander_read_process_output,pid,Input,Number,,Required
desktop-commander,desktop-commander_interact_with_process,timeout_ms,Input,Number,,Optional
desktop-commander,desktop-commander_interact_with_process,wait_for_prompt,Input,Boolean,,Optional
desktop-commander,desktop-commander_interact_with_process,pid,Input,Number,,Required
desktop-commander,desktop-commander_interact_with_process,input,Input,String,,Required
desktop-commander,desktop-commander_force_terminate,pid,Input,Number,,Required
desktop-commander,desktop-commander_kill_process,pid,Input,Number,,Required
e2b-server,e2b-server_run_code,code,Input,String,,Required
exa,exa_web_search_exa,query,Input,String,Search query,Required
exa,exa_web_search_exa,numResults,Input,Number,Number of search results to return (default: 5),Optional
fetch,fetch_fetch,raw,Input,Boolean,"Get the actual HTML content of the requested page, without simplification.",Optional
fetch,fetch_fetch,url,Input,String,URL to fetch,Required
fetch,fetch_fetch,start_index,Input,Integer,"On return output starting at this character index, useful if a previous fetch was truncated and more context is required.",Optional
fetch,fetch_fetch,max_length,Input,Integer,Maximum number of characters to return.,Optional
filesystem,filesystem_read_file,head,Input,Number,"If provided, returns only the first N lines of the file",Optional
filesystem,filesystem_read_file,content,Output,String,,Required
filesystem,filesystem_read_file,path,Input,String,,Required
filesystem,filesystem_read_file,tail,Input,Number,"If provided, returns only the last N lines of the file",Optional
filesystem,filesystem_read_text_file,head,Input,Number,"If provided, returns only the first N lines of the file",Optional
filesystem,filesystem_read_text_file,content,Output,String,,Required
filesystem,filesystem_read_text_file,path,Input,String,,Required
filesystem,filesystem_read_text_file,tail,Input,Number,"If provided, returns only the last N lines of the file",Optional
filesystem,filesystem_read_media_file,content,Output,Array,,Required
filesystem,filesystem_read_media_file,path,Input,String,,Required
filesystem,filesystem_read_multiple_files,content,Output,String,,Required
filesystem,filesystem_read_multiple_files,paths,Input,Array,Array of file paths to read. Each path must be a string pointing to a valid file within allowed directories.,Required
filesystem,filesystem_write_file,content,Input/Output,String,,Required
filesystem,filesystem_write_file,path,Input,String,,Required
filesystem,filesystem_edit_file,edits,Input,Array,,Required
filesystem,filesystem_edit_file,content,Output,String,,Required
filesystem,filesystem_edit_file,path,Input,String,,Required
filesystem,filesystem_edit_file,dryRun,Input,Boolean,Preview changes using git-style diff format,Optional
filesystem,filesystem_create_directory,content,Output,String,,Required
filesystem,filesystem_create_directory,path,Input,String,,Required
filesystem,filesystem_list_directory,content,Output,String,,Required
filesystem,filesystem_list_directory,path,Input,String,,Required
filesystem,filesystem_list_directory_with_sizes,content,Output,String,,Required
filesystem,filesystem_list_directory_with_sizes,path,Input,String,,Required
filesystem,filesystem_list_directory_with_sizes,sortBy,Input,String,Sort entries by name or size,Optional
filesystem,filesystem_directory_tree,content,Output,String,,Required
filesystem,filesystem_directory_tree,path,Input,String,,Required
filesystem,filesystem_directory_tree,excludePatterns,Input,Array,,Optional
filesystem,filesystem_move_file,content,Output,String,,Required
filesystem,filesystem_move_file,destination,Input,String,,Required
filesystem,filesystem_move_file,source,Input,String,,Required
filesystem,filesystem_search_files,content,Output,String,,Required
filesystem,filesystem_search_files,path,Input,String,,Required
filesystem,filesystem_search_files,excludePatterns,Input,Array,,Optional
filesystem,filesystem_search_files,pattern,Input,String,,Required
filesystem,filesystem_get_file_info,content,Output,String,,Required
filesystem,filesystem_get_file_info,path,Input,String,,Required
filesystem,filesystem_list_allowed_directories,content,Output,String,,Required
git,git_git_status,repo_path,Input,String,,Required
git,git_git_diff_unstaged,context_lines,Input,Integer,,Optional
git,git_git_diff_unstaged,repo_path,Input,String,,Required
git,git_git_diff_staged,context_lines,Input,Integer,,Optional
git,git_git_diff_staged,repo_path,Input,String,,Required
git,git_git_diff,target,Input,String,,Required
git,git_git_diff,context_lines,Input,Integer,,Optional
git,git_git_diff,repo_path,Input,String,,Required
git,git_git_commit,message,Input,String,,Required
git,git_git_commit,repo_path,Input,String,,Required
git,git_git_add,files,Input,Array,,Required
git,git_git_add,repo_path,Input,String,,Required
git,git_git_reset,repo_path,Input,String,,Required
git,git_git_log,max_count,Input,Integer,,Optional
git,git_git_log,repo_path,Input,String,,Required
git,git_git_create_branch,branch_name,Input,String,,Required
git,git_git_create_branch,base_branch,Input,String,,Optional
git,git_git_create_branch,repo_path,Input,String,,Required
git,git_git_checkout,branch_name,Input,String,,Required
git,git_git_checkout,repo_path,Input,String,,Required
git,git_git_show,repo_path,Input,String,,Required
git,git_git_show,revision,Input,String,,Required
git,git_git_init,repo_path,Input,String,,Required
git,git_git_branch,not_contains,Input,String,The commit sha that branch should NOT contain. Do not pass anything to this param if no commit sha is specified,Optional
git,git_git_branch,contains,Input,String,The commit sha that branch should contain. Do not pass anything to this param if no commit sha is specified,Optional
git,git_git_branch,branch_type,Input,String,"Whether to list local branches ('local'), remote branches ('remote') or all branches('all').",Required
git,git_git_branch,repo_path,Input,String,The path to the Git repository.,Required
github,github_search_repositories,query,Input,String,"Search query. Examples: 'language:typescript stars:>1000', 'org:facebook react', 'machine learning in:description', 'user:octocat', 'created:>2023-01-01', 'license:mit', 'topic:javascript', 'is:public archived:false'",Required
github,github_search_repositories,per_page,Input,Number,"Results per page (default 10, max 100)",Optional
github,github_search_repositories,page,Input,Number,Page number (default 1),Optional
github,github_search_code,per_page,Input,Number,"Results per page (default 10, max 100)",Optional
github,github_search_code,page,Input,Number,Page number (default 1),Optional
github,github_search_code,sort,Input,String,Sort field ('indexed' only),Optional
github,github_search_code,q,Input,String,"Search query using GitHub code search syntax. Examples: 'addClass in:file language:js', 'repo:owner/name path:src/ extension:py', 'org:github extension:js', 'filename:test.py', 'user:octocat extension:rb', 'console.log path:/src/components', 'TODO in:comments'",Required
github,github_search_code,order,Input,String,Sort order,Optional
github,github_search_users,per_page,Input,Number,"Results per page (default 10, max 100)",Optional
github,github_search_users,page,Input,Number,Page number (default 1),Optional
github,github_search_users,sort,Input,String,Sort field by category,Optional
github,github_search_users,q,Input,String,"Search query using GitHub users search syntax. Examples: 'location:""San Francisco"" followers:>100', 'language:python repos:>50', 'fullname:""John Doe""', 'type:user', 'type:org', 'created:>2020-01-01', 'in:email example.com'",Required
github,github_search_users,order,Input,String,Sort order,Optional
github,github_get_issue,owner,Input,String,The owner of the repository,Required
github,github_get_issue,repo,Input,String,The name of the repository,Required
github,github_get_issue,issue_number,Input,Number,The number of the issue,Required
github,github_add_issue_comment,owner,Input,String,Repository owner,Required
github,github_add_issue_comment,repo,Input,String,Repository name,Required
github,github_add_issue_comment,issue_number,Input,Number,Issue number to comment on,Required
github,github_add_issue_comment,body,Input,String,Comment content,Required
github,github_search_issues,per_page,Input,Number,"Results per page (default 10, max 100)",Optional
github,github_search_issues,page,Input,Number,Page number (default 1),Optional
github,github_search_issues,sort,Input,String,"Sort field by number of matches of categories, defaults to best match",Optional
github,github_search_issues,q,Input,String,Search query using GitHub issues search syntax,Required
github,github_search_issues,order,Input,String,Sort order,Optional
github,github_create_issue,owner,Input,String,Repository owner,Required
github,github_create_issue,assignees,Input,Array,Usernames to assign to this issue,Optional
github,github_create_issue,labels,Input,Array,Labels to apply to this issue,Optional
github,github_create_issue,milestone,Input,Number,Milestone number,Optional
github,github_create_issue,repo,Input,String,Repository name,Required
github,github_create_issue,title,Input,String,Issue title,Required
github,github_create_issue,body,Input,String,Issue body content,Optional
github,github_list_issues,labels,Input,Array,Filter by labels,Optional
github,github_list_issues,repo,Input,String,Repository name,Required
github,github_list_issues,per_page,Input,Number,"Results per page (default 10, max 100)",Optional
github,github_list_issues,sort,Input,String,Sort order,Optional
github,github_list_issues,direction,Input,String,Sort direction,Optional
github,github_list_issues,since,Input,String,Filter by date (ISO 8601 timestamp),Optional
github,github_list_issues,state,Input,String,Filter by state,Optional
github,github_list_issues,page,Input,Number,Page number (default 1),Optional
github,github_list_issues,owner,Input,String,Repository owner,Required
github,github_update_issue,labels,Input,Array,New labels,Optional
github,github_update_issue,repo,Input,String,Repository name,Required
github,github_update_issue,title,Input,String,New title,Optional
github,github_update_issue,issue_number,Input,Number,Issue number to update,Required
github,github_update_issue,body,Input,String,New description,Optional
github,github_update_issue,assignees,Input,Array,New assignees,Optional
github,github_update_issue,state,Input,String,New state,Optional
github,github_update_issue,milestone,Input,Number,New milestone number,Optional
github,github_update_issue,owner,Input,String,Repository owner,Required
github,github_get_issue_comments,owner,Input,String,Repository owner,Required
github,github_get_issue_comments,per_page,Input,Number,Number of records per page,Optional
github,github_get_issue_comments,page,Input,Number,Page number,Optional
github,github_get_issue_comments,repo,Input,String,Repository name,Required
github,github_get_issue_comments,issue_number,Input,Number,Issue number,Required
github,github_get_repository,owner,Input,String,Repository owner,Required
github,github_get_repository,repo,Input,String,Repository name,Required
github,github_get_commit,owner,Input,String,Repository owner,Required
github,github_get_commit,sha,Input,String,"Commit SHA, branch name, or tag name",Required
github,github_get_commit,repo,Input,String,Repository name,Required
github,github_list_commits,owner,Input,String,Repository owner,Required
github,github_list_commits,sha,Input,String,SHA or Branch name,Optional
github,github_list_commits,per_page,Input,Number,"Results per page (default 10, max 100)",Optional
github,github_list_commits,page,Input,Number,Page number (default 1),Optional
github,github_list_commits,repo,Input,String,Repository name,Required
github,github_list_branches,owner,Input,String,Repository owner,Required
github,github_list_branches,repo,Input,String,Repository name,Required
github,github_list_branches,page,Input,Number,Page number (default 1),Optional
github,github_list_branches,per_page,Input,Number,"Results per page (default 10, max 100)",Optional
github,github_create_or_update_file,message,Input,String,Commit message,Required
github,github_create_or_update_file,owner,Input,String,Repository owner (username or organization),Required
github,github_create_or_update_file,content,Input,String,Content of the file,Required
github,github_create_or_update_file,sha,Input,String,"Full SHA of the current file blob (required for updates, must be the complete 40-character SHA)",Optional
github,github_create_or_update_file,branch,Input,String,Branch to create/update the file in,Required
github,github_create_or_update_file,repo,Input,String,Repository name,Required
github,github_create_or_update_file,path,Input,String,Path where to create/update the file,Required
github,github_create_repository,private,Input,Boolean,Whether repo should be private,Optional
github,github_create_repository,description,Input,String,Repository description,Optional
github,github_create_repository,name,Input,String,Repository name,Required
github,github_create_repository,autoInit,Input,Boolean,Initialize with README,Optional
github,github_get_file_contents,owner,Input,String,Repository owner (username or organization),Required
github,github_get_file_contents,branch,Input,String,Branch to get contents from (defaults to default branch),Optional
github,github_get_file_contents,repo,Input,String,Repository name,Required
github,github_get_file_contents,path,Input,String,Path to file,Required
github,github_get_file_contents,mode,Input,String,"Mode: 'overview' for truncated preview, 'full' for complete file",Optional
github,github_fork_repository,owner,Input,String,Repository owner,Required
github,github_fork_repository,repo,Input,String,Repository name,Required
github,github_fork_repository,organization,Input,String,Organization to fork to,Optional
github,github_create_branch,owner,Input,String,Repository owner,Required
github,github_create_branch,from_branch,Input,String,Source branch (defaults to repo default),Optional
github,github_create_branch,repo,Input,String,Repository name,Required
github,github_create_branch,branch,Input,String,Name for new branch,Required
github,github_list_tags,owner,Input,String,Repository owner,Required
github,github_list_tags,repo,Input,String,Repository name,Required
github,github_list_tags,page,Input,Number,Page number (default 1),Optional
github,github_list_tags,per_page,Input,Number,"Results per page (default 10, max 100)",Optional
github,github_get_tag,owner,Input,String,Repository owner,Required
github,github_get_tag,repo,Input,String,Repository name,Required
github,github_get_tag,tag,Input,String,Tag name,Required
github,github_push_files,message,Input,String,Commit message,Required
github,github_push_files,owner,Input,String,Repository owner,Required
github,github_push_files,branch,Input,String,Branch to push to,Required
github,github_push_files,repo,Input,String,Repository name,Required
github,github_push_files,files,Input,Array,"Array of file objects to push, each object with path (string) and content (string)",Required
github,github_get_pull_request,owner,Input,String,Repository owner,Required
github,github_get_pull_request,pullNumber,Input,Number,Pull request number,Required
github,github_get_pull_request,repo,Input,String,Repository name,Required
github,github_update_pull_request,repo,Input,String,Repository name,Required
github,github_update_pull_request,pullNumber,Input,Number,Pull request number to update,Required
github,github_update_pull_request,title,Input,String,New title,Optional
github,github_update_pull_request,maintainer_can_modify,Input,Boolean,Allow maintainer edits,Optional
github,github_update_pull_request,body,Input,String,New description,Optional
github,github_update_pull_request,state,Input,String,New state,Optional
github,github_update_pull_request,base,Input,String,New base branch name,Optional
github,github_update_pull_request,owner,Input,String,Repository owner,Required
github,github_list_pull_requests,head,Input,String,Filter by head user/org and branch,Optional
github,github_list_pull_requests,repo,Input,String,Repository name,Required
github,github_list_pull_requests,per_page,Input,Number,"Results per page (default 10, max 100)",Optional
github,github_list_pull_requests,sort,Input,String,Sort by,Optional
github,github_list_pull_requests,direction,Input,String,Sort direction,Optional
github,github_list_pull_requests,state,Input,String,Filter by state,Optional
github,github_list_pull_requests,page,Input,Number,Page number (default 1),Optional
github,github_list_pull_requests,base,Input,String,Filter by base branch,Optional
github,github_list_pull_requests,owner,Input,String,Repository owner,Required
github,github_merge_pull_request,owner,Input,String,Repository owner,Required
github,github_merge_pull_request,commit_title,Input,String,Title for merge commit,Optional
github,github_merge_pull_request,merge_method,Input,String,Merge method,Optional
github,github_merge_pull_request,repo,Input,String,Repository name,Required
github,github_merge_pull_request,pullNumber,Input,Number,Pull request number,Required
github,github_merge_pull_request,commit_message,Input,String,Extra detail for merge commit,Optional
github,github_get_pull_request_files,owner,Input,String,Repository owner,Required
github,github_get_pull_request_files,per_page,Input,Number,"Results per page (default 10, max 100)",Optional
github,github_get_pull_request_files,page,Input,Number,Page number (default 1),Optional
github,github_get_pull_request_files,repo,Input,String,Repository name,Required
github,github_get_pull_request_files,pullNumber,Input,Number,Pull request number,Required
github,github_get_pull_request_status,owner,Input,String,Repository owner,Required
github,github_get_pull_request_status,pullNumber,Input,Number,Pull request number,Required
github,github_get_pull_request_status,repo,Input,String,Repository name,Required
github,github_update_pull_request_branch,owner,Input,String,Repository owner,Required
github,github_update_pull_request_branch,expectedHeadSha,Input,String,The expected SHA of the pull request's HEAD ref,Optional
github,github_update_pull_request_branch,pullNumber,Input,Number,Pull request number,Required
github,github_update_pull_request_branch,repo,Input,String,Repository name,Required
github,github_get_pull_request_comments,owner,Input,String,Repository owner,Required
github,github_get_pull_request_comments,per_page,Input,Number,"Results per page (default 10, max 100)",Optional
github,github_get_pull_request_comments,page,Input,Number,Page number (default 1),Optional
github,github_get_pull_request_comments,repo,Input,String,Repository name,Required
github,github_get_pull_request_comments,pullNumber,Input,Number,Pull request number,Required
github,github_create_pull_request,head,Input,String,Branch containing changes,Required
github,github_create_pull_request,repo,Input,String,Repository name,Required
github,github_create_pull_request,draft,Input,Boolean,Create as draft PR,Optional
github,github_create_pull_request,title,Input,String,PR title,Required
github,github_create_pull_request,maintainer_can_modify,Input,Boolean,Allow maintainer edits,Optional
github,github_create_pull_request,body,Input,String,PR description,Optional
github,github_create_pull_request,base,Input,String,Branch to merge into,Required
github,github_create_pull_request,owner,Input,String,Repository owner,Required
github,github_get_pull_request_review_comments,repo,Input,String,Repository name,Required
github,github_get_pull_request_review_comments,per_page,Input,Number,"Results per page (default 10, max 100)",Optional
github,github_get_pull_request_review_comments,sort,Input,String,Sort comments by created or updated time,Optional
github,github_get_pull_request_review_comments,pullNumber,Input,Number,Pull request number,Required
github,github_get_pull_request_review_comments,direction,Input,String,Sort direction,Optional
github,github_get_pull_request_review_comments,since,Input,String,Only show comments updated after this time (ISO 8601 format),Optional
github,github_get_pull_request_review_comments,page,Input,Number,Page number (default 1),Optional
github,github_get_pull_request_review_comments,owner,Input,String,Repository owner,Required
github,github_create_pull_request_review_comment,repo,Input,String,Repository name,Required
github,github_create_pull_request_review_comment,pullNumber,Input,Number,Pull request number,Required
github,github_create_pull_request_review_comment,start_line,Input,Number,Start line for multi-line comment,Optional
github,github_create_pull_request_review_comment,path,Input,String,Relative path to the file being commented on,Required
github,github_create_pull_request_review_comment,commit_id,Input,String,SHA of the commit to comment on,Required
github,github_create_pull_request_review_comment,body,Input,String,Comment body,Required
github,github_create_pull_request_review_comment,start_side,Input,String,Start side for multi-line comment,Optional
github,github_create_pull_request_review_comment,in_reply_to,Input,Number,ID of review comment to reply to,Optional
github,github_create_pull_request_review_comment,owner,Input,String,Repository owner,Required
github,github_create_pull_request_review_comment,side,Input,String,"Side of diff (LEFT for deletion, RIGHT for addition)",Optional
github,github_create_pull_request_review_comment,line,Input,Number,Line number for single-line comment,Optional
google-maps,google-maps_maps_geocode,address,Input,String,The address to geocode,Required
google-maps,google-maps_maps_reverse_geocode,longitude,Input,Number,Longitude coordinate,Required
google-maps,google-maps_maps_reverse_geocode,latitude,Input,Number,Latitude coordinate,Required
google-maps,google-maps_maps_search_places,radius,Input,Number,Search radius in meters (max 50000),Optional
google-maps,google-maps_maps_search_places,query,Input,String,Search query,Required
google-maps,google-maps_maps_search_places,location,Input,Object,Optional center point for the search,Optional
google-maps,google-maps_maps_place_details,place_id,Input,String,The place ID to get details for,Required
google-maps,google-maps_maps_distance_matrix,destinations,Input,Array,Array of destination addresses or coordinates,Required
google-maps,google-maps_maps_distance_matrix,origins,Input,Array,Array of origin addresses or coordinates,Required
google-maps,google-maps_maps_distance_matrix,mode,Input,String,"Travel mode (driving, walking, bicycling, transit)",Optional
google-maps,google-maps_maps_elevation,locations,Input,Array,Array of locations to get elevation for,Required
google-maps,google-maps_maps_directions,mode,Input,String,"Travel mode (driving, walking, bicycling, transit)",Optional
google-maps,google-maps_maps_directions,origin,Input,String,Starting point address or coordinates,Required
google-maps,google-maps_maps_directions,destination,Input,String,Ending point address or coordinates,Required
google-workspace,google-workspace_list_emails,query,Input,String,Search query to filter emails,Optional
google-workspace,google-workspace_list_emails,maxResults,Input,Number,Maximum number of emails to return (default: 10),Optional
google-workspace,google-workspace_search_emails,query,Input,String,"Gmail search query (e.g., ""from:example@gmail.com has:attachment""). Examples:
- ""from:alice@example.com"" (Emails from Alice)
- ""to:bob@example.com"" (Emails sent to Bob)
- ""subject:Meeting Update"" (Emails with ""Meeting Update"" in the subject)
- ""has:attachment filename:pdf"" (Emails with PDF attachments)
- ""after:2024/01/01 before:2024/02/01"" (Emails between specific dates)
- ""is:unread"" (Unread emails)
- ""from:@company.com has:attachment"" (Emails from a company domain with attachments)",Required
google-workspace,google-workspace_search_emails,maxResults,Input,Number,Maximum number of emails to return (default: 10),Optional
google-workspace,google-workspace_send_email,bcc,Input,String,BCC recipients (comma-separated),Optional
google-workspace,google-workspace_send_email,subject,Input,String,Email subject,Required
google-workspace,google-workspace_send_email,to,Input,String,Recipient email address,Required
google-workspace,google-workspace_send_email,cc,Input,String,CC recipients (comma-separated),Optional
google-workspace,google-workspace_send_email,body,Input,String,Email body (can include HTML),Required
google-workspace,google-workspace_modify_email,addLabels,Input,Array,Labels to add,Optional
google-workspace,google-workspace_modify_email,id,Input,String,Email ID,Required
google-workspace,google-workspace_modify_email,removeLabels,Input,Array,Labels to remove,Optional
google-workspace,google-workspace_list_events,maxResults,Input,Number,Maximum number of events to return (default: 10),Optional
google-workspace,google-workspace_list_events,timeMax,Input,String,End time in ISO format,Optional
google-workspace,google-workspace_list_events,timeMin,Input,String,Start time in ISO format (default: now),Optional
google-workspace,google-workspace_create_event,description,Input,String,Event description,Optional
google-workspace,google-workspace_create_event,start,Input,String,Start time in ISO format,Required
google-workspace,google-workspace_create_event,attendees,Input,Array,List of attendee email addresses,Optional
google-workspace,google-workspace_create_event,location,Input,String,Event location,Optional
google-workspace,google-workspace_create_event,summary,Input,String,Event title,Required
google-workspace,google-workspace_create_event,end,Input,String,End time in ISO format,Required
google-workspace,google-workspace_update_event,description,Input,String,New event description,Optional
google-workspace,google-workspace_update_event,start,Input,String,New start time in ISO format,Optional
google-workspace,google-workspace_update_event,attendees,Input,Array,New list of attendee email addresses,Optional
google-workspace,google-workspace_update_event,location,Input,String,New event location,Optional
google-workspace,google-workspace_update_event,summary,Input,String,New event title,Optional
google-workspace,google-workspace_update_event,end,Input,String,New end time in ISO format,Optional
google-workspace,google-workspace_update_event,eventId,Input,String,Event ID to update,Required
google-workspace,google-workspace_delete_event,eventId,Input,String,Event ID to delete,Required
lara-translate,lara-translate_translate,adapt_to,Input,Array,A list of translation memory IDs for adapting the translation.,Optional
lara-translate,lara-translate_translate,target,Input,String,"The target language code (e.g., 'it-IT' for Italian). This specifies the language you want the text translated into.",Required
lara-translate,lara-translate_translate,source_hint,Input,String,Used to guide language detection. Specify this when the source language is uncertain to improve detection accuracy.,Optional
lara-translate,lara-translate_translate,source,Input,String,"The source language code (e.g., 'en-EN' for English). If not specified, the system will attempt to detect it automatically. If you have a hint about the source language, you should specify it in the source_hint field.",Optional
lara-translate,lara-translate_translate,instructions,Input,Array,"A list of instructions to adjust the network’s behavior regarding the output (e.g., 'Use a formal tone').",Optional
lara-translate,lara-translate_translate,text,Input,Array,An array of text blocks to translate. Each block contains a text string and a boolean indicating whether it should be translated. This allows for selective translation where some text blocks can be preserved in their original form while others are translated.,Required
lara-translate,lara-translate_translate,context,Input,String,"Additional context string to improve translation quality (e.g., 'This is a legal document' or 'Im talking with a doctor'). This helps the translation system better understand the domain.",Optional
lara-translate,lara-translate_create_memory,name,Input,String,"The name of the new memory, it should be short and generic, like 'catch_phrases' or 'brand_names'",Required
lara-translate,lara-translate_create_memory,external_id,Input,String,The ID of the memory to be imported from MyMemory. Use this to initialize the memory with external content. Format: ext_my_[MyMemory ID],Optional
lara-translate,lara-translate_delete_memory,id,Input,String,The unique identifier of the memory to update. Format: mem_xyz123,Required
lara-translate,lara-translate_update_memory,id,Input,String,The unique identifier of the memory to update. Format: mem_xyz123,Required
lara-translate,lara-translate_update_memory,name,Input,String,The new name for the memory,Required
lara-translate,lara-translate_add_translation,target,Input,String,"The target language code of the translation, it MUST be a language supported by the system, use the list_languages tool to get a list of all the supported languages",Required
lara-translate,lara-translate_add_translation,translation,Input,String,The translated sentence,Required
lara-translate,lara-translate_add_translation,sentence_after,Input,String,The sentence after the source sentence to specify the context of the translation unit,Optional
lara-translate,lara-translate_add_translation,source,Input,String,"The source language code of the sentence, it MUST be a language supported by the system, use the list_languages tool to get a list of all the supported languages",Required
lara-translate,lara-translate_add_translation,sentence,Input,String,The source sentence,Required
lara-translate,lara-translate_add_translation,sentence_before,Input,String,The sentence before the source sentence to specify the context of the translation unit,Optional
lara-translate,lara-translate_add_translation,tuid,Input,String,Translation Unit unique identifier,Optional
lara-translate,lara-translate_add_translation,id,Input,Array,The ID or list of IDs where to save the translation unit. Format: mem_xyz123,Required
lara-translate,lara-translate_delete_translation,target,Input,String,The target language code of the translation,Required
lara-translate,lara-translate_delete_translation,translation,Input,String,The translated sentence,Required
lara-translate,lara-translate_delete_translation,sentence_after,Input,String,The sentence after the source sentence to specify the context of the translation unit,Optional
lara-translate,lara-translate_delete_translation,source,Input,String,The source language code of the sentence,Required
lara-translate,lara-translate_delete_translation,sentence,Input,String,The source sentence,Required
lara-translate,lara-translate_delete_translation,sentence_before,Input,String,The sentence before the source sentence to specify the context of the translation unit,Optional
lara-translate,lara-translate_delete_translation,tuid,Input,String,Translation Unit unique identifier,Optional
lara-translate,lara-translate_delete_translation,id,Input,Array,The ID or list of IDs where to delete the translation unit from. Format: mem_xyz123,Required
lara-translate,lara-translate_import_tmx,gzip,Input,Boolean,Indicates if the file is a compressed .gz file,Optional
lara-translate,lara-translate_import_tmx,id,Input,String,The ID of the memory to update. Format: mem_xyz123.,Required
lara-translate,lara-translate_import_tmx,tmx_content,Input,String,The content of the tmx file to upload. Don't provide this if you choose to use tmx_url.,Optional
lara-translate,lara-translate_import_tmx,tmx_url,Input,String,A URL to the tmx file to upload. Don't provide this if you choose to use tmx_content.,Optional
lara-translate,lara-translate_check_import_status,id,Input,String,The ID of the import job,Required
mcp-code-executor,mcp-code-executor_execute_code,code,Input,String,Python code to execute,Required
mcp-code-executor,mcp-code-executor_execute_code,filename,Input,String,Optional: Name of the file to save the code (default: generated UUID),Optional
mcp-code-executor,mcp-code-executor_initialize_code_file,content,Input,String,Initial content to write to the file,Required
mcp-code-executor,mcp-code-executor_initialize_code_file,filename,Input,String,Optional: Name of the file (default: generated UUID),Optional
mcp-code-executor,mcp-code-executor_append_to_code_file,content,Input,String,Content to append to the file,Required
mcp-code-executor,mcp-code-executor_append_to_code_file,file_path,Input,String,Full path to the file,Required
mcp-code-executor,mcp-code-executor_execute_code_file,file_path,Input,String,Full path to the Python file to execute,Required
mcp-code-executor,mcp-code-executor_read_code_file,file_path,Input,String,Full path to the file to read,Required
mcp-code-executor,mcp-code-executor_install_dependencies,packages,Input,Array,List of packages to install,Required
mcp-code-executor,mcp-code-executor_check_installed_packages,packages,Input,Array,List of packages to check,Required
mcp-code-executor,mcp-code-executor_configure_environment,type,Input,String,Type of Python environment,Required
mcp-code-executor,mcp-code-executor_configure_environment,uv_venv_path,Input,String,Path to the UV virtualenv (required if type is 'venv-uv'),Optional
mcp-code-executor,mcp-code-executor_configure_environment,conda_name,Input,String,Name of the conda environment (required if type is 'conda'),Optional
mcp-code-executor,mcp-code-executor_configure_environment,venv_path,Input,String,Path to the virtualenv (required if type is 'venv'),Optional
mcp-server-code-runner,mcp-server-code-runner_run-code,code,Input,String,Code Snippet,Required
mcp-server-code-runner,mcp-server-code-runner_run-code,languageId,Input,String,Language ID,Required
memory,memory_create_entities,entities,Input,Array,,Required
memory,memory_create_relations,relations,Input,Array,,Required
memory,memory_add_observations,observations,Input,Array,,Required
memory,memory_delete_entities,entityNames,Input,Array,An array of entity names to delete,Required
memory,memory_delete_observations,deletions,Input,Array,,Required
memory,memory_delete_relations,relations,Input,Array,An array of relations to delete,Required
memory,memory_search_nodes,query,Input,String,"The search query to match against entity names, types, and observation content",Required
memory,memory_open_nodes,names,Input,Array,An array of entity names to retrieve,Required
met-museum,met-museum_search-museum-objects,hasImages,Input,Boolean,Only returns objects that have images,Optional
met-museum,met-museum_search-museum-objects,title,Input,Boolean,This should be set to true if you want to search for objects by title,Optional
met-museum,met-museum_search-museum-objects,q,Input,String,"The search query, Returns a listing of all Object IDs for objects that contain the search query within the object's data",Required
met-museum,met-museum_search-museum-objects,departmentId,Input,Number,Returns objects that are in the specified department. The departmentId should come from the 'list-departments' tool.,Optional
met-museum,met-museum_get-museum-object,objectId,Input,Number,The ID of the museum object to retrieve,Required
met-museum,met-museum_get-museum-object,returnImage,Input,Boolean,Whether to return the image (if available) of the object and add it to the server resources,Optional
mongodb,mongodb_switch-connection,connectionString,Input,String,MongoDB connection string to switch to (in the mongodb:// or mongodb+srv:// format),Optional
mongodb,mongodb_list-collections,database,Input,String,Database name,Required
mongodb,mongodb_collection-indexes,database,Input,String,Database name,Required
mongodb,mongodb_collection-indexes,collection,Input,String,Collection name,Required
mongodb,mongodb_create-index,keys,Input,Object,The index definition,Required
mongodb,mongodb_create-index,database,Input,String,Database name,Required
mongodb,mongodb_create-index,name,Input,String,The name of the index,Optional
mongodb,mongodb_create-index,collection,Input,String,Collection name,Required
mongodb,mongodb_collection-schema,database,Input,String,Database name,Required
mongodb,mongodb_collection-schema,collection,Input,String,Collection name,Required
mongodb,mongodb_find,projection,Input,Object,"The projection, matching the syntax of the projection argument of db.collection.find()",Optional
mongodb,mongodb_find,collection,Input,String,Collection name,Required
mongodb,mongodb_find,sort,Input,Object,"A document, describing the sort order, matching the syntax of the sort argument of cursor.sort(). The keys of the object are the fields to sort on, while the values are the sort directions (1 for ascending, -1 for descending).",Optional
mongodb,mongodb_find,database,Input,String,Database name,Required
mongodb,mongodb_find,limit,Input,Number,The maximum number of documents to return,Optional
mongodb,mongodb_find,filter,Input,Object,"The query filter, matching the syntax of the query argument of db.collection.find()",Optional
mongodb,mongodb_insert-many,documents,Input,Array,"The array of documents to insert, matching the syntax of the document argument of db.collection.insertMany()",Required
mongodb,mongodb_insert-many,database,Input,String,Database name,Required
mongodb,mongodb_insert-many,collection,Input,String,Collection name,Required
mongodb,mongodb_delete-many,database,Input,String,Database name,Required
mongodb,mongodb_delete-many,collection,Input,String,Collection name,Required
mongodb,mongodb_delete-many,filter,Input,Object,"The query filter, specifying the deletion criteria. Matches the syntax of the filter argument of db.collection.deleteMany()",Optional
mongodb,mongodb_collection-storage-size,database,Input,String,Database name,Required
mongodb,mongodb_collection-storage-size,collection,Input,String,Collection name,Required
mongodb,mongodb_count,database,Input,String,Database name,Required
mongodb,mongodb_count,query,Input,Object,A filter/query parameter. Allows users to filter the documents to count. Matches the syntax of the filter argument of db.collection.count().,Optional
mongodb,mongodb_count,collection,Input,String,Collection name,Required
mongodb,mongodb_db-stats,database,Input,String,Database name,Required
mongodb,mongodb_aggregate,database,Input,String,Database name,Required
mongodb,mongodb_aggregate,pipeline,Input,Array,An array of aggregation stages to execute,Required
mongodb,mongodb_aggregate,collection,Input,String,Collection name,Required
mongodb,mongodb_update-many,collection,Input,String,Collection name,Required
mongodb,mongodb_update-many,update,Input,Object,An update document describing the modifications to apply using update operator expressions,Required
mongodb,mongodb_update-many,database,Input,String,Database name,Required
mongodb,mongodb_update-many,upsert,Input,Boolean,Controls whether to insert a new document if no documents match the filter,Optional
mongodb,mongodb_update-many,filter,Input,Object,"The selection criteria for the update, matching the syntax of the filter argument of db.collection.updateOne()",Optional
mongodb,mongodb_rename-collection,database,Input,String,Database name,Required
mongodb,mongodb_rename-collection,dropTarget,Input,Boolean,"If true, drops the target collection if it exists",Optional
mongodb,mongodb_rename-collection,newName,Input,String,The new name for the collection,Required
mongodb,mongodb_rename-collection,collection,Input,String,Collection name,Required
mongodb,mongodb_drop-database,database,Input,String,Database name,Required
mongodb,mongodb_drop-collection,database,Input,String,Database name,Required
mongodb,mongodb_drop-collection,collection,Input,String,Collection name,Required
mongodb,mongodb_explain,database,Input,String,Database name,Required
mongodb,mongodb_explain,method,Input,Array,The method and its arguments to run,Required
mongodb,mongodb_explain,collection,Input,String,Collection name,Required
mongodb,mongodb_create-collection,database,Input,String,Database name,Required
mongodb,mongodb_create-collection,collection,Input,String,Collection name,Required
mongodb,mongodb_mongodb-logs,type,Input,String,"The type of logs to return. Global returns all recent log entries, while startupWarnings returns only warnings and errors from when the process started.",Optional
mongodb,mongodb_mongodb-logs,limit,Input,Integer,The maximum number of log entries to return.,Optional
national-parks,national-parks_findParks,start,Input,Number,Start position for results (useful for pagination),Optional
national-parks,national-parks_findParks,stateCode,Input,String,"Filter parks by state code (e.g., ""CA"" for California, ""NY"" for New York). Multiple states can be comma-separated (e.g., ""CA,OR,WA"")",Optional
national-parks,national-parks_findParks,q,Input,String,Search term to filter parks by name or description,Optional
national-parks,national-parks_findParks,activities,Input,String,"Filter by available activities (e.g., ""hiking,camping"")",Optional
national-parks,national-parks_findParks,limit,Input,Number,"Maximum number of parks to return (default: 10, max: 50)",Optional
national-parks,national-parks_getParkDetails,parkCode,Input,String,"The park code of the national park (e.g., ""yose"" for Yosemite, ""grca"" for Grand Canyon)",Required
national-parks,national-parks_getAlerts,start,Input,Number,Start position for results (useful for pagination),Optional
national-parks,national-parks_getAlerts,parkCode,Input,String,"Filter alerts by park code (e.g., ""yose"" for Yosemite). Multiple parks can be comma-separated (e.g., ""yose,grca"").",Optional
national-parks,national-parks_getAlerts,q,Input,String,Search term to filter alerts by title or description,Optional
national-parks,national-parks_getAlerts,limit,Input,Number,"Maximum number of alerts to return (default: 10, max: 50)",Optional
national-parks,national-parks_getVisitorCenters,start,Input,Number,Start position for results (useful for pagination),Optional
national-parks,national-parks_getVisitorCenters,parkCode,Input,String,"Filter visitor centers by park code (e.g., ""yose"" for Yosemite). Multiple parks can be comma-separated (e.g., ""yose,grca"").",Optional
national-parks,national-parks_getVisitorCenters,q,Input,String,Search term to filter visitor centers by name or description,Optional
national-parks,national-parks_getVisitorCenters,limit,Input,Number,"Maximum number of visitor centers to return (default: 10, max: 50)",Optional
national-parks,national-parks_getCampgrounds,start,Input,Number,Start position for results (useful for pagination),Optional
national-parks,national-parks_getCampgrounds,parkCode,Input,String,"Filter campgrounds by park code (e.g., ""yose"" for Yosemite). Multiple parks can be comma-separated (e.g., ""yose,grca"").",Optional
national-parks,national-parks_getCampgrounds,q,Input,String,Search term to filter campgrounds by name or description,Optional
national-parks,national-parks_getCampgrounds,limit,Input,Number,"Maximum number of campgrounds to return (default: 10, max: 50)",Optional
national-parks,national-parks_getEvents,start,Input,Number,Start position for results (useful for pagination),Optional
national-parks,national-parks_getEvents,q,Input,String,Search term to filter events by title or description,Optional
national-parks,national-parks_getEvents,limit,Input,Number,"Maximum number of events to return (default: 10, max: 50)",Optional
national-parks,national-parks_getEvents,parkCode,Input,String,"Filter events by park code (e.g., ""yose"" for Yosemite). Multiple parks can be comma-separated (e.g., ""yose,grca"").",Optional
national-parks,national-parks_getEvents,dateEnd,Input,String,End date for filtering events (format: YYYY-MM-DD),Optional
national-parks,national-parks_getEvents,dateStart,Input,String,Start date for filtering events (format: YYYY-MM-DD),Optional
notion,notion_API-get-user,user_id,Input,String,,Required
notion,notion_API-get-users,page_size,Input,Integer,The number of items from the full list desired in the response. Maximum: 100,Optional
notion,notion_API-get-users,start_cursor,Input,String,"If supplied, this endpoint will return a page of results starting after the cursor provided. If not supplied, this endpoint will return the first page of results.",Optional
notion,notion_API-post-database-query,sorts,Input,Array,"When supplied, orders the results based on the provided [sort criteria](ref:post-database-query-sort).",Optional
notion,notion_API-post-database-query,in_trash,Input,Boolean,,Optional
notion,notion_API-post-database-query,start_cursor,Input,String,"When supplied, returns a page of results starting after the cursor provided. If not supplied, this endpoint will return the first page of results.",Optional
notion,notion_API-post-database-query,filter_properties,Input,Array,A list of page property value IDs associated with the database. Use this param to limit the response to a specific page property value or values for pages that meet the `filter` criteria.,Optional
notion,notion_API-post-database-query,database_id,Input,String,Identifier for a Notion database.,Required
notion,notion_API-post-database-query,page_size,Input,Integer,The number of items from the full list desired in the response. Maximum: 100,Optional
notion,notion_API-post-database-query,archived,Input,Boolean,,Optional
notion,notion_API-post-database-query,filter,Input,Object,"When supplied, limits which pages are returned based on the [filter conditions](ref:post-database-query-filter).",Optional
notion,notion_API-post-search,page_size,Input,Integer,The number of items from the full list to include in the response. Maximum: `100`.,Optional
notion,notion_API-post-search,query,Input,String,The text that the API compares page and database titles against.,Optional
notion,notion_API-post-search,start_cursor,Input,String,"A `cursor` value returned in a previous response that If supplied, limits the response to results starting after the `cursor`. If not supplied, then the first page of results is returned. Refer to [pagination](https://developers.notion.com/reference/intro#pagination) for more details.",Optional
notion,notion_API-post-search,sort,Input,Object,"A set of criteria, `direction` and `timestamp` keys, that orders the results. The **only** supported timestamp value is `""last_edited_time""`. Supported `direction` values are `""ascending""` and `""descending""`. If `sort` is not provided, then the most recently edited results are returned first.",Optional
notion,notion_API-post-search,filter,Input,Object,"A set of criteria, `value` and `property` keys, that limits the results to either only pages or only databases. Possible `value` values are `""page""` or `""database""`. The only supported `property` value is `""object""`.",Optional
notion,notion_API-get-block-children,block_id,Input,String,Identifier for a [block](ref:block),Required
notion,notion_API-get-block-children,page_size,Input,Integer,The number of items from the full list desired in the response. Maximum: 100,Optional
notion,notion_API-get-block-children,start_cursor,Input,String,"If supplied, this endpoint will return a page of results starting after the cursor provided. If not supplied, this endpoint will return the first page of results.",Optional
notion,notion_API-patch-block-children,block_id,Input,String,Identifier for a [block](ref:block). Also accepts a [page](ref:page) ID.,Required
notion,notion_API-patch-block-children,children,Input,Array,Child content to append to a container block as an array of [block objects](ref:block),Required
notion,notion_API-patch-block-children,after,Input,String,The ID of the existing block that the new block should be appended after.,Optional
notion,notion_API-retrieve-a-block,block_id,Input,String,Identifier for a Notion block,Required
notion,notion_API-update-a-block,block_id,Input,String,Identifier for a Notion block,Required
notion,notion_API-update-a-block,type,Input,Object,The [block object `type`](ref:block#block-object-keys) value with the properties to be updated. Currently only `text` (for supported block types) and `checked` (for `to_do` blocks) fields can be updated.,Optional
notion,notion_API-update-a-block,archived,Input,Boolean,Set to true to archive (delete) a block. Set to false to un-archive (restore) a block.,Optional
notion,notion_API-delete-a-block,block_id,Input,String,Identifier for a Notion block,Required
notion,notion_API-retrieve-a-page,page_id,Input,String,Identifier for a Notion page,Required
notion,notion_API-retrieve-a-page,filter_properties,Input,String,"A list of page property value IDs associated with the page. Use this param to limit the response to a specific page property value or values. To retrieve multiple properties, specify each page property ID. For example: `?filter_properties=iAk8&filter_properties=b7dh`.",Optional
notion,notion_API-patch-page,properties,Input,Object,"The property values to update for the page. The keys are the names or IDs of the property and the values are property values. If a page property ID is not included, then it is not changed.",Optional
notion,notion_API-patch-page,cover,Input,Object,A cover image for the page. Only [external file objects](https://developers.notion.com/reference/file-object) are supported.,Optional
notion,notion_API-patch-page,in_trash,Input,Boolean,Set to true to delete a block. Set to false to restore a block.,Optional
notion,notion_API-patch-page,icon,Input,Object,A page icon for the page. Supported types are [external file object](https://developers.notion.com/reference/file-object) or [emoji object](https://developers.notion.com/reference/emoji-object).,Optional
notion,notion_API-patch-page,archived,Input,Boolean,,Optional
notion,notion_API-patch-page,page_id,Input,String,The identifier for the Notion page to be updated.,Required
notion,notion_API-post-page,properties,Input,Object,,Required
notion,notion_API-post-page,cover,Input,String,"The cover image of the new page, represented as a [file object](https://developers.notion.com/reference/file-object).",Optional
notion,notion_API-post-page,icon,Input,String,The icon of the new page. Either an [emoji object](https://developers.notion.com/reference/emoji-object) or an [external file object](https://developers.notion.com/reference/file-object)..,Optional
notion,notion_API-post-page,children,Input,Array,"The content to be rendered on the new page, represented as an array of [block objects](https://developers.notion.com/reference/block).",Optional
notion,notion_API-post-page,parent,Input,Object,,Required
notion,notion_API-create-a-database,properties,Input,Object,Property schema of database. The keys are the names of properties as they appear in Notion and the values are [property schema objects](https://developers.notion.com/reference/property-schema-object).,Required
notion,notion_API-create-a-database,parent,Input,Object,,Required
notion,notion_API-create-a-database,title,Input,Array,,Optional
notion,notion_API-update-a-database,properties,Input,Object,Property schema of database. The keys are the names of properties as they appear in Notion and the values are [property schema objects](https://developers.notion.com/reference/property-schema-object).,Optional
notion,notion_API-update-a-database,description,Input,Array,"An array of [rich text objects](https://developers.notion.com/reference/rich-text) that represents the description of the database that is displayed in the Notion UI. If omitted, then the database description remains unchanged.",Optional
notion,notion_API-update-a-database,title,Input,Array,"An array of [rich text objects](https://developers.notion.com/reference/rich-text) that represents the title of the database that is displayed in the Notion UI. If omitted, then the database title remains unchanged.",Optional
notion,notion_API-update-a-database,database_id,Input,String,identifier for a Notion database,Required
notion,notion_API-retrieve-a-database,database_id,Input,String,An identifier for the Notion database.,Required
notion,notion_API-retrieve-a-page-property,page_size,Input,Integer,For paginated properties. The max number of property item objects on a page. The default size is 100,Optional
notion,notion_API-retrieve-a-page-property,property_id,Input,String,Identifier for a page [property](https://developers.notion.com/reference/page#all-property-values),Required
notion,notion_API-retrieve-a-page-property,start_cursor,Input,String,For paginated properties.,Optional
notion,notion_API-retrieve-a-page-property,page_id,Input,String,Identifier for a Notion page,Required
notion,notion_API-retrieve-a-comment,block_id,Input,String,Identifier for a Notion block or page,Required
notion,notion_API-retrieve-a-comment,page_size,Input,Integer,The number of items from the full list desired in the response. Maximum: 100,Optional
notion,notion_API-retrieve-a-comment,start_cursor,Input,String,"If supplied, this endpoint will return a page of results starting after the cursor provided. If not supplied, this endpoint will return the first page of results.",Optional
notion,notion_API-create-a-comment,parent,Input,Object,The page that contains the comment,Required
notion,notion_API-create-a-comment,rich_text,Input,Array,,Required
open-library,open-library_get_book_by_title,title,Input,String,The title of the book to search for.,Required
open-library,open-library_get_authors_by_name,name,Input,String,The name of the author to search for.,Required
open-library,open-library_get_author_info,author_key,Input,String,"The Open Library key for the author (e.g., OL23919A).",Required
open-library,open-library_get_author_photo,olid,Input,String,The Open Library Author ID (OLID) for the author (e.g. OL23919A).,Required
open-library,open-library_get_book_cover,size,Input,String,"The desired size of the cover (S, M, or L).",Optional
open-library,open-library_get_book_cover,key,Input,String,"The type of identifier used (ISBN, OCLC, LCCN, OLID, ID).",Required
open-library,open-library_get_book_cover,value,Input,String,The value of the identifier.,Required
open-library,open-library_get_book_by_id,idValue,Input,String,The value of the identifier.,Required
open-library,open-library_get_book_by_id,idType,Input,String,"The type of identifier used (ISBN, LCCN, OCLC, OLID).",Required
osm-mcp-server,osm-mcp-server_geocode_address,address,Input,String,,Required
osm-mcp-server,osm-mcp-server_geocode_address,result,Output,Array,,Required
osm-mcp-server,osm-mcp-server_reverse_geocode,result,Output,Object,,Required
osm-mcp-server,osm-mcp-server_reverse_geocode,longitude,Input,Number,,Required
osm-mcp-server,osm-mcp-server_reverse_geocode,latitude,Input,Number,,Required
osm-mcp-server,osm-mcp-server_find_nearby_places,longitude,Input,Number,,Required
osm-mcp-server,osm-mcp-server_find_nearby_places,latitude,Input,Number,,Required
osm-mcp-server,osm-mcp-server_find_nearby_places,radius,Input,Number,,Optional
osm-mcp-server,osm-mcp-server_find_nearby_places,categories,Input,Array,,Optional
osm-mcp-server,osm-mcp-server_find_nearby_places,limit,Input,Integer,,Optional
osm-mcp-server,osm-mcp-server_find_nearby_places,result,Output,Object,,Required
osm-mcp-server,osm-mcp-server_get_route_directions,from_latitude,Input,Number,,Required
osm-mcp-server,osm-mcp-server_get_route_directions,result,Output,Object,,Required
osm-mcp-server,osm-mcp-server_get_route_directions,to_latitude,Input,Number,,Required
osm-mcp-server,osm-mcp-server_get_route_directions,mode,Input,String,,Optional
osm-mcp-server,osm-mcp-server_get_route_directions,from_longitude,Input,Number,,Required
osm-mcp-server,osm-mcp-server_get_route_directions,to_longitude,Input,Number,,Required
osm-mcp-server,osm-mcp-server_search_category,max_longitude,Input,Number,,Required
osm-mcp-server,osm-mcp-server_search_category,subcategories,Input,Array,,Optional
osm-mcp-server,osm-mcp-server_search_category,result,Output,Object,,Required
osm-mcp-server,osm-mcp-server_search_category,max_latitude,Input,Number,,Required
osm-mcp-server,osm-mcp-server_search_category,min_latitude,Input,Number,,Required
osm-mcp-server,osm-mcp-server_search_category,category,Input,String,,Required
osm-mcp-server,osm-mcp-server_search_category,min_longitude,Input,Number,,Required
osm-mcp-server,osm-mcp-server_suggest_meeting_point,venue_type,Input,String,,Optional
osm-mcp-server,osm-mcp-server_suggest_meeting_point,locations,Input,Array,,Required
osm-mcp-server,osm-mcp-server_suggest_meeting_point,result,Output,Object,,Required
osm-mcp-server,osm-mcp-server_explore_area,radius,Input,Number,,Optional
osm-mcp-server,osm-mcp-server_explore_area,result,Output,Object,,Required
osm-mcp-server,osm-mcp-server_explore_area,longitude,Input,Number,,Required
osm-mcp-server,osm-mcp-server_explore_area,latitude,Input,Number,,Required
osm-mcp-server,osm-mcp-server_find_schools_nearby,latitude,Input,Number,,Required
osm-mcp-server,osm-mcp-server_find_schools_nearby,longitude,Input,Number,,Required
osm-mcp-server,osm-mcp-server_find_schools_nearby,radius,Input,Number,,Optional
osm-mcp-server,osm-mcp-server_find_schools_nearby,education_levels,Input,Array,,Optional
osm-mcp-server,osm-mcp-server_find_schools_nearby,result,Output,Object,,Required
osm-mcp-server,osm-mcp-server_analyze_commute,home_longitude,Input,Number,,Required
osm-mcp-server,osm-mcp-server_analyze_commute,depart_at,Input,String,,Optional
osm-mcp-server,osm-mcp-server_analyze_commute,work_latitude,Input,Number,,Required
osm-mcp-server,osm-mcp-server_analyze_commute,modes,Input,Array,,Optional
osm-mcp-server,osm-mcp-server_analyze_commute,work_longitude,Input,Number,,Required
osm-mcp-server,osm-mcp-server_analyze_commute,home_latitude,Input,Number,,Required
osm-mcp-server,osm-mcp-server_analyze_commute,result,Output,Object,,Required
osm-mcp-server,osm-mcp-server_find_ev_charging_stations,min_power,Input,Number,,Optional
osm-mcp-server,osm-mcp-server_find_ev_charging_stations,latitude,Input,Number,,Required
osm-mcp-server,osm-mcp-server_find_ev_charging_stations,connector_types,Input,Array,,Optional
osm-mcp-server,osm-mcp-server_find_ev_charging_stations,radius,Input,Number,,Optional
osm-mcp-server,osm-mcp-server_find_ev_charging_stations,longitude,Input,Number,,Required
osm-mcp-server,osm-mcp-server_find_ev_charging_stations,result,Output,Object,,Required
osm-mcp-server,osm-mcp-server_analyze_neighborhood,radius,Input,Number,,Optional
osm-mcp-server,osm-mcp-server_analyze_neighborhood,result,Output,Object,,Required
osm-mcp-server,osm-mcp-server_analyze_neighborhood,longitude,Input,Number,,Required
osm-mcp-server,osm-mcp-server_analyze_neighborhood,latitude,Input,Number,,Required
osm-mcp-server,osm-mcp-server_find_parking_facilities,latitude,Input,Number,,Required
osm-mcp-server,osm-mcp-server_find_parking_facilities,longitude,Input,Number,,Required
osm-mcp-server,osm-mcp-server_find_parking_facilities,radius,Input,Number,,Optional
osm-mcp-server,osm-mcp-server_find_parking_facilities,parking_type,Input,String,,Optional
osm-mcp-server,osm-mcp-server_find_parking_facilities,result,Output,Object,,Required
oxylabs,oxylabs_universal_scraper,render,Input,String,"
        Whether a headless browser should be used to render the page.
        For example:
            - 'html' when browser is required to render the page.
        ",Optional
oxylabs,oxylabs_universal_scraper,url,Input,String,Website url to scrape.,Required
oxylabs,oxylabs_universal_scraper,output_format,Input,String,"
        The format of the output. Works only when parse parameter is false.
            - links - Most efficient when the goal is navigation or finding specific URLs. Use this first when you need to locate a specific page within a website.
            - md - Best for extracting and reading visible content once you've found the right page. Use this to get structured content that's easy to read and process.
            - html - Should be used sparingly only when you need the raw HTML structure, JavaScript code, or styling information.
        ",Optional
oxylabs,oxylabs_universal_scraper,geo_location,Input,String,"
        The geographical location that the result should be adapted for.
        Use ISO-3166 country codes.
        Examples:
            - 'California, United States'
            - 'Mexico'
            - 'US' for United States
            - 'DE' for Germany
            - 'FR' for France
        ",Optional
oxylabs,oxylabs_universal_scraper,user_agent_type,Input,String,Device type and browser that will be used to determine User-Agent header value.,Optional
oxylabs,oxylabs_universal_scraper,result,Output,String,,Required
oxylabs,oxylabs_google_search_scraper,start_page,Input,Integer,Starting page number.,Optional
oxylabs,oxylabs_google_search_scraper,query,Input,String,URL-encoded keyword to search for.,Required
oxylabs,oxylabs_google_search_scraper,parse,Input,Boolean,"Should result be parsed. If the result is not parsed, the output_format parameter is applied.",Optional
oxylabs,oxylabs_google_search_scraper,pages,Input,Integer,Number of pages to retrieve.,Optional
oxylabs,oxylabs_google_search_scraper,domain,Input,String,"
        Domain localization for Google.
        Use country top level domains.
        For example:
            - 'co.uk' for United Kingdom
            - 'us' for United States
            - 'fr' for France
        ",Optional
oxylabs,oxylabs_google_search_scraper,output_format,Input,String,"
        The format of the output. Works only when parse parameter is false.
            - links - Most efficient when the goal is navigation or finding specific URLs. Use this first when you need to locate a specific page within a website.
            - md - Best for extracting and reading visible content once you've found the right page. Use this to get structured content that's easy to read and process.
            - html - Should be used sparingly only when you need the raw HTML structure, JavaScript code, or styling information.
        ",Optional
oxylabs,oxylabs_google_search_scraper,geo_location,Input,String,"
        The geographical location that the result should be adapted for.
        Use ISO-3166 country codes.
        Examples:
            - 'California, United States'
            - 'Mexico'
            - 'US' for United States
            - 'DE' for Germany
            - 'FR' for France
        ",Optional
oxylabs,oxylabs_google_search_scraper,limit,Input,Integer,Number of results to retrieve in each page.,Optional
oxylabs,oxylabs_google_search_scraper,render,Input,String,"
        Whether a headless browser should be used to render the page.
        For example:
            - 'html' when browser is required to render the page.
        ",Optional
oxylabs,oxylabs_google_search_scraper,locale,Input,String,"
        Set 'Accept-Language' header value which changes your Google search page web interface language.
        Examples:
            - 'en-US' for English, United States
            - 'de-AT' for German, Austria
            - 'fr-FR' for French, France
        ",Optional
oxylabs,oxylabs_google_search_scraper,ad_mode,Input,Boolean,If true will use the Google Ads source optimized for the paid ads.,Optional
oxylabs,oxylabs_google_search_scraper,user_agent_type,Input,String,Device type and browser that will be used to determine User-Agent header value.,Optional
oxylabs,oxylabs_google_search_scraper,result,Output,String,,Required
oxylabs,oxylabs_amazon_search_scraper,start_page,Input,Integer,Starting page number.,Optional
oxylabs,oxylabs_amazon_search_scraper,query,Input,String,Keyword to search for.,Required
oxylabs,oxylabs_amazon_search_scraper,parse,Input,Boolean,"Should result be parsed. If the result is not parsed, the output_format parameter is applied.",Optional
oxylabs,oxylabs_amazon_search_scraper,merchant_id,Input,String,Search for items sold by a particular seller.,Optional
oxylabs,oxylabs_amazon_search_scraper,pages,Input,Integer,Number of pages to retrieve.,Optional
oxylabs,oxylabs_amazon_search_scraper,domain,Input,String,"
        Domain localization for Google.
        Use country top level domains.
        For example:
            - 'co.uk' for United Kingdom
            - 'us' for United States
            - 'fr' for France
        ",Optional
oxylabs,oxylabs_amazon_search_scraper,output_format,Input,String,"
        The format of the output. Works only when parse parameter is false.
            - links - Most efficient when the goal is navigation or finding specific URLs. Use this first when you need to locate a specific page within a website.
            - md - Best for extracting and reading visible content once you've found the right page. Use this to get structured content that's easy to read and process.
            - html - Should be used sparingly only when you need the raw HTML structure, JavaScript code, or styling information.
        ",Optional
oxylabs,oxylabs_amazon_search_scraper,geo_location,Input,String,"
        The geographical location that the result should be adapted for.
        Use ISO-3166 country codes.
        Examples:
            - 'California, United States'
            - 'Mexico'
            - 'US' for United States
            - 'DE' for Germany
            - 'FR' for France
        ",Optional
oxylabs,oxylabs_amazon_search_scraper,render,Input,String,"
        Whether a headless browser should be used to render the page.
        For example:
            - 'html' when browser is required to render the page.
        ",Optional
oxylabs,oxylabs_amazon_search_scraper,locale,Input,String,"
        Set 'Accept-Language' header value which changes your Google search page web interface language.
        Examples:
            - 'en-US' for English, United States
            - 'de-AT' for German, Austria
            - 'fr-FR' for French, France
        ",Optional
oxylabs,oxylabs_amazon_search_scraper,category_id,Input,String,Search for items in a particular browse node (product category).,Optional
oxylabs,oxylabs_amazon_search_scraper,currency,Input,String,Currency that will be used to display the prices.,Optional
oxylabs,oxylabs_amazon_search_scraper,user_agent_type,Input,String,Device type and browser that will be used to determine User-Agent header value.,Optional
oxylabs,oxylabs_amazon_search_scraper,result,Output,String,,Required
oxylabs,oxylabs_amazon_product_scraper,query,Input,String,Keyword to search for.,Required
oxylabs,oxylabs_amazon_product_scraper,parse,Input,Boolean,"Should result be parsed. If the result is not parsed, the output_format parameter is applied.",Optional
oxylabs,oxylabs_amazon_product_scraper,domain,Input,String,"
        Domain localization for Google.
        Use country top level domains.
        For example:
            - 'co.uk' for United Kingdom
            - 'us' for United States
            - 'fr' for France
        ",Optional
oxylabs,oxylabs_amazon_product_scraper,output_format,Input,String,"
        The format of the output. Works only when parse parameter is false.
            - links - Most efficient when the goal is navigation or finding specific URLs. Use this first when you need to locate a specific page within a website.
            - md - Best for extracting and reading visible content once you've found the right page. Use this to get structured content that's easy to read and process.
            - html - Should be used sparingly only when you need the raw HTML structure, JavaScript code, or styling information.
        ",Optional
oxylabs,oxylabs_amazon_product_scraper,geo_location,Input,String,"
        The geographical location that the result should be adapted for.
        Use ISO-3166 country codes.
        Examples:
            - 'California, United States'
            - 'Mexico'
            - 'US' for United States
            - 'DE' for Germany
            - 'FR' for France
        ",Optional
oxylabs,oxylabs_amazon_product_scraper,user_agent_type,Input,String,Device type and browser that will be used to determine User-Agent header value.,Optional
oxylabs,oxylabs_amazon_product_scraper,render,Input,String,"
        Whether a headless browser should be used to render the page.
        For example:
            - 'html' when browser is required to render the page.
        ",Optional
oxylabs,oxylabs_amazon_product_scraper,locale,Input,String,"
        Set 'Accept-Language' header value which changes your Google search page web interface language.
        Examples:
            - 'en-US' for English, United States
            - 'de-AT' for German, Austria
            - 'fr-FR' for French, France
        ",Optional
oxylabs,oxylabs_amazon_product_scraper,currency,Input,String,Currency that will be used to display the prices.,Optional
oxylabs,oxylabs_amazon_product_scraper,autoselect_variant,Input,Boolean,"To get accurate pricing/buybox data, set this parameter to true.",Optional
oxylabs,oxylabs_amazon_product_scraper,result,Output,String,,Required
pubmed,pubmed_search_pubmed_key_words,num_results,Input,Integer,,Optional
pubmed,pubmed_search_pubmed_key_words,key_words,Input,String,,Required
pubmed,pubmed_search_pubmed_key_words,result,Output,Array,,Required
pubmed,pubmed_search_pubmed_advanced,author,Input,String,,Optional
pubmed,pubmed_search_pubmed_advanced,journal,Input,String,,Optional
pubmed,pubmed_search_pubmed_advanced,end_date,Input,String,,Optional
pubmed,pubmed_search_pubmed_advanced,title,Input,String,,Optional
pubmed,pubmed_search_pubmed_advanced,start_date,Input,String,,Optional
pubmed,pubmed_search_pubmed_advanced,num_results,Input,Integer,,Optional
pubmed,pubmed_search_pubmed_advanced,term,Input,String,,Optional
pubmed,pubmed_search_pubmed_advanced,result,Output,Array,,Required
pubmed,pubmed_get_pubmed_article_metadata,pmid,Input,String,,Required
pubmed,pubmed_get_pubmed_article_metadata,result,Output,Object,,Required
pubmed,pubmed_download_pubmed_pdf,pmid,Input,String,,Required
pubmed,pubmed_download_pubmed_pdf,result,Output,String,,Required
slack,slack_channels_list,cursor,Input,String,Cursor for pagination. Use the value of the last row and column in the response as next_cursor field returned from the previous request.,Optional
slack,slack_channels_list,limit,Input,Number,The maximum number of items to return. Must be an integer between 1 and 1000 (maximum 999).,Optional
slack,slack_channels_list,sort,Input,String,Type of sorting. Allowed values: 'popularity' - sort by number of members/participants in each channel.,Optional
slack,slack_channels_list,channel_types,Input,String,"Comma-separated channel types. Allowed values: 'mpim', 'im', 'public_channel', 'private_channel'. Example: 'public_channel,private_channel,im'",Required
slack,slack_conversations_add_message,thread_ts,Input,String,"Unique identifier of either a thread's parent message or a message in the thread_ts must be the timestamp in format 1234567890.123456 of an existing message with 0 or more replies. Optional, if not provided the message will be added to the channel itself, otherwise it will be added to the thread.",Optional
slack,slack_conversations_add_message,payload,Input,String,"Message payload in specified content_type format. Example: 'Hello, world!' for text/plain or '# Hello, world!' for text/markdown.",Optional
slack,slack_conversations_add_message,content_type,Input,String,"Content type of the message. Default is 'text/markdown'. Allowed values: 'text/markdown', 'text/plain'.",Optional
slack,slack_conversations_add_message,channel_id,Input,String,ID of the channel in format Cxxxxxxxxxx or its name starting with #... or @... aka #general or @username_dm.,Required
slack,slack_conversations_history,cursor,Input,String,Cursor for pagination. Use the value of the last row and column in the response as next_cursor field returned from the previous request.,Optional
slack,slack_conversations_history,include_activity_messages,Input,Boolean,"If true, the response will include activity messages such as 'channel_join' or 'channel_leave'. Default is boolean false.",Optional
slack,slack_conversations_history,limit,Input,String,"Limit of messages to fetch in format of maximum ranges of time (e.g. 1d - 1 day, 1w - 1 week, 30d - 30 days, 90d - 90 days which is a default limit for free tier history) or number of messages (e.g. 50). Must be empty when 'cursor' is provided.",Optional
slack,slack_conversations_history,channel_id,Input,String,    - `channel_id` (string): ID of the channel in format Cxxxxxxxxxx or its name starting with #... or @... aka #general or @username_dm.,Required
slack,slack_conversations_replies,thread_ts,Input,String,Unique identifier of either a thread's parent message or a message in the thread. ts must be the timestamp in format 1234567890.123456 of an existing message with 0 or more replies.,Required
slack,slack_conversations_replies,include_activity_messages,Input,Boolean,"If true, the response will include activity messages such as 'channel_join' or 'channel_leave'. Default is boolean false.",Optional
slack,slack_conversations_replies,cursor,Input,String,Cursor for pagination. Use the value of the last row and column in the response as next_cursor field returned from the previous request.,Optional
slack,slack_conversations_replies,limit,Input,String,"Limit of messages to fetch in format of maximum ranges of time (e.g. 1d - 1 day, 30d - 30 days, 90d - 90 days which is a default limit for free tier history) or number of messages (e.g. 50). Must be empty when 'cursor' is provided.",Optional
slack,slack_conversations_replies,channel_id,Input,String,ID of the channel in format Cxxxxxxxxxx or its name starting with #... or @... aka #general or @username_dm.,Required
slack,slack_conversations_search_messages,filter_in_channel,Input,String,"Filter messages in a specific channel by its ID or name. Example: 'C1234567890' or '#general'. If not provided, all channels will be searched.",Optional
slack,slack_conversations_search_messages,filter_date_after,Input,String,"Filter messages sent after a specific date in format 'YYYY-MM-DD'. Example: '2023-10-01', 'July', 'Yesterday' or 'Today'. If not provided, all dates will be searched.",Optional
slack,slack_conversations_search_messages,filter_date_before,Input,String,"Filter messages sent before a specific date in format 'YYYY-MM-DD'. Example: '2023-10-01', 'July', 'Yesterday' or 'Today'. If not provided, all dates will be searched.",Optional
slack,slack_conversations_search_messages,search_query,Input,String,"Search query to filter messages. Example: 'marketing report' or full URL of Slack message e.g. 'https://slack.com/archives/C1234567890/p1234567890123456', then the tool will return a single message matching given URL, herewith all other parameters will be ignored.",Optional
slack,slack_conversations_search_messages,filter_threads_only,Input,Boolean,"If true, the response will include only messages from threads. Default is boolean false.",Optional
slack,slack_conversations_search_messages,cursor,Input,String,Cursor for pagination. Use the value of the last row and column in the response as next_cursor field returned from the previous request.,Optional
slack,slack_conversations_search_messages,limit,Input,Number,The maximum number of items to return. Must be an integer between 1 and 100.,Optional
slack,slack_conversations_search_messages,filter_in_im_or_mpim,Input,String,"Filter messages in a direct message (DM) or multi-person direct message (MPIM) conversation by its ID or name. Example: 'D1234567890' or '@username_dm'. If not provided, all DMs and MPIMs will be searched.",Optional
slack,slack_conversations_search_messages,filter_date_on,Input,String,"Filter messages sent on a specific date in format 'YYYY-MM-DD'. Example: '2023-10-01', 'July', 'Yesterday' or 'Today'. If not provided, all dates will be searched.",Optional
slack,slack_conversations_search_messages,filter_users_from,Input,String,"Filter messages from a specific user by their ID or display name. Example: 'U1234567890' or '@username'. If not provided, all users will be searched.",Optional
slack,slack_conversations_search_messages,filter_date_during,Input,String,"Filter messages sent during a specific period in format 'YYYY-MM-DD'. Example: 'July', 'Yesterday' or 'Today'. If not provided, all dates will be searched.",Optional
slack,slack_conversations_search_messages,filter_users_with,Input,String,"Filter messages with a specific user by their ID or display name in threads and DMs. Example: 'U1234567890' or '@username'. If not provided, all threads and DMs will be searched.",Optional
twelvedata,twelvedata_GetTimeSeries,status,Output,String,Response status,Optional
twelvedata,twelvedata_GetTimeSeries,params,Input,String,,Required
twelvedata,twelvedata_GetTimeSeries,meta,Output,String,,Optional
twelvedata,twelvedata_GetTimeSeries,values,Output,String,List of time series data points,Optional
twelvedata,twelvedata_GetPrice,price,Output,String,Real-time or the latest available price,Optional
twelvedata,twelvedata_GetPrice,params,Input,String,,Required
twelvedata,twelvedata_GetQuote,params,Input,String,,Required
twelvedata,twelvedata_GetQuote,is_market_open,Output,String,True if market is open; false if closed,Optional
twelvedata,twelvedata_GetQuote,mic_code,Output,String,Market identifier code (MIC) under ISO 10383 standard,Optional
twelvedata,twelvedata_GetQuote,open,Output,String,Price at the opening of current bar,Optional
twelvedata,twelvedata_GetQuote,average_volume,Output,String,Average volume of the specified period,Optional
twelvedata,twelvedata_GetQuote,extended_change,Output,String,Diff between the regular close price and the latest extended price,Optional
twelvedata,twelvedata_GetQuote,datetime,Output,String,Datetime in defined timezone referring to when the bar with specified interval was opened,Optional
twelvedata,twelvedata_GetQuote,extended_price,Output,String,Latest extended price,Optional
twelvedata,twelvedata_GetQuote,percent_change,Output,String,(Close - previous_close) / previous_close * 100,Optional
twelvedata,twelvedata_GetQuote,extended_percent_change,Output,String,Percent change in price between the regular close price and the latest extended price,Optional
twelvedata,twelvedata_GetQuote,fifty_two_week,Output,String,,Optional
twelvedata,twelvedata_GetQuote,high,Output,String,Highest price which occurred during the current bar,Optional
twelvedata,twelvedata_GetQuote,volume,Output,String,Trading volume during the bar,Optional
twelvedata,twelvedata_GetQuote,rolling_1day_change,Output,String,"Percent change in price between the current and the backward one, where period is 1 day, available for crypto",Optional
twelvedata,twelvedata_GetQuote,close,Output,String,Close price at the end of the bar,Optional
twelvedata,twelvedata_GetQuote,symbol,Output,String,Symbol passed,Optional
twelvedata,twelvedata_GetQuote,rolling_7day_change,Output,String,"Percent change in price between the current and the backward one, where period is 7 days, available for crypto",Optional
twelvedata,twelvedata_GetQuote,timestamp,Output,String,Unix timestamp representing the opening candle of the specified interval,Optional
twelvedata,twelvedata_GetQuote,change,Output,String,Close - previous_close,Optional
twelvedata,twelvedata_GetQuote,low,Output,String,Lowest price which occurred during the current bar,Optional
twelvedata,twelvedata_GetQuote,rolling_period_change,Output,String,"Percent change in price between the current and the backward one, where period specified in request param rolling_period, available for crypto",Optional
twelvedata,twelvedata_GetQuote,exchange,Output,String,Exchange where instrument is traded,Optional
twelvedata,twelvedata_GetQuote,name,Output,String,Name of the instrument,Optional
twelvedata,twelvedata_GetQuote,last_quote_at,Output,String,Unix timestamp of last minute candle,Optional
twelvedata,twelvedata_GetQuote,extended_timestamp,Output,String,Unix timestamp of the last extended price,Optional
twelvedata,twelvedata_GetQuote,currency,Output,String,Currency in which the equity is denominated,Optional
twelvedata,twelvedata_GetQuote,previous_close,Output,String,Close price at the end of the previous bar,Optional
twelvedata,twelvedata_GetTimeSeriesRsi,status,Output,String,Response status,Optional
twelvedata,twelvedata_GetTimeSeriesRsi,params,Input,String,,Required
twelvedata,twelvedata_GetTimeSeriesRsi,meta,Output,String,,Optional
twelvedata,twelvedata_GetTimeSeriesRsi,values,Output,String,Array of time series data points,Optional
twelvedata,twelvedata_GetTimeSeriesMacd,status,Output,String,Response status,Optional
twelvedata,twelvedata_GetTimeSeriesMacd,params,Input,String,,Required
twelvedata,twelvedata_GetTimeSeriesMacd,meta,Output,String,,Optional
twelvedata,twelvedata_GetTimeSeriesMacd,values,Output,String,Array of time series data points,Optional
twelvedata,twelvedata_GetStocks,status,Output,String,Response status,Optional
twelvedata,twelvedata_GetStocks,data,Output,String,List of stock instruments,Optional
twelvedata,twelvedata_GetStocks,params,Input,String,,Required
twelvedata,twelvedata_GetTimeSeriesBBands,status,Output,String,Response status,Optional
twelvedata,twelvedata_GetTimeSeriesBBands,params,Input,String,,Required
twelvedata,twelvedata_GetTimeSeriesBBands,meta,Output,String,,Optional
twelvedata,twelvedata_GetTimeSeriesBBands,values,Output,String,Array of time series data points,Optional
twelvedata,twelvedata_GetExchangeRate,rate,Output,String,Real-time exchange rate for the corresponding symbol,Optional
twelvedata,twelvedata_GetExchangeRate,symbol,Output,String,Requested currency symbol,Optional
twelvedata,twelvedata_GetExchangeRate,params,Input,String,,Required
twelvedata,twelvedata_GetExchangeRate,timestamp,Output,String,Unix timestamp of the rate,Optional
twelvedata,twelvedata_GetTimeSeriesEma,status,Output,String,Response status,Optional
twelvedata,twelvedata_GetTimeSeriesEma,params,Input,String,,Required
twelvedata,twelvedata_GetTimeSeriesEma,meta,Output,String,,Optional
twelvedata,twelvedata_GetTimeSeriesEma,values,Output,String,Array of time series data points,Optional
twelvedata,twelvedata_GetStatistics,statistics,Output,String,,Optional
twelvedata,twelvedata_GetStatistics,params,Input,String,,Required
twelvedata,twelvedata_GetStatistics,meta,Output,String,,Optional
twelvedata,twelvedata_GetProfile,params,Input,String,,Required
twelvedata,twelvedata_GetProfile,mic_code,Output,String,Market Identifier Code (MIC) under ISO 10383 standard,Optional
twelvedata,twelvedata_GetProfile,sector,Output,String,Sector at which the company operates,Optional
twelvedata,twelvedata_GetProfile,phone,Output,String,Phone number of the company if presented,Optional
twelvedata,twelvedata_GetProfile,city,Output,String,City of the company if presented,Optional
twelvedata,twelvedata_GetProfile,CEO,Output,String,Name of the CEO of the company,Optional
twelvedata,twelvedata_GetProfile,address2,Output,String,Secondary address of the company if presented,Optional
twelvedata,twelvedata_GetProfile,employees,Output,String,Number of employees in the company,Optional
twelvedata,twelvedata_GetProfile,address,Output,String,Street address of the company if presented,Optional
twelvedata,twelvedata_GetProfile,type,Output,String,Issue type of the stock,Optional
twelvedata,twelvedata_GetProfile,symbol,Output,String,Ticker of the company,Optional
twelvedata,twelvedata_GetProfile,exchange,Output,String,Exchange name where the company is listed,Optional
twelvedata,twelvedata_GetProfile,name,Output,String,Name of the company,Optional
twelvedata,twelvedata_GetProfile,country,Output,String,Country of the company if presented,Optional
twelvedata,twelvedata_GetProfile,website,Output,String,Website of the company,Optional
twelvedata,twelvedata_GetProfile,industry,Output,String,Industry at which company operates,Optional
twelvedata,twelvedata_GetProfile,description,Output,String,Description of the company activities,Optional
twelvedata,twelvedata_GetProfile,state,Output,String,State of the company if presented,Optional
twelvedata,twelvedata_GetProfile,zip,Output,String,ZIP code of the company if presented,Optional
twelvedata,twelvedata_GetMarketState,params,Input,String,,Required
twelvedata,twelvedata_GetSymbolSearch,status,Output,String,Status of the response,Optional
twelvedata,twelvedata_GetSymbolSearch,data,Output,String,List of symbols matching the search criteria,Optional
twelvedata,twelvedata_GetSymbolSearch,params,Input,String,,Required
twelvedata,twelvedata_GetEod,close,Output,String,The most recent end of day close price,Optional
twelvedata,twelvedata_GetEod,symbol,Output,String,Symbol passed,Optional
twelvedata,twelvedata_GetEod,params,Input,String,,Required
twelvedata,twelvedata_GetEod,currency,Output,String,Currency in which instrument is denominated,Optional
twelvedata,twelvedata_GetEod,mic_code,Output,String,Market identifier code (MIC) under ISO 10383 standard,Optional
twelvedata,twelvedata_GetEod,exchange,Output,String,Exchange where instrument is traded,Optional
twelvedata,twelvedata_GetEod,datetime,Output,String,Datetime in defined timezone referring to when the bar with specified interval was opened,Optional
twelvedata,twelvedata_GetTimeSeriesSma,status,Output,String,Response status,Optional
twelvedata,twelvedata_GetTimeSeriesSma,params,Input,String,,Required
twelvedata,twelvedata_GetTimeSeriesSma,meta,Output,String,,Optional
twelvedata,twelvedata_GetTimeSeriesSma,values,Output,String,Array of time series data points,Optional
twelvedata,twelvedata_GetForexPairs,status,Output,String,Response status,Optional
twelvedata,twelvedata_GetForexPairs,data,Output,String,List of forex pairs,Optional
twelvedata,twelvedata_GetForexPairs,params,Input,String,,Required
twelvedata,twelvedata_GetTimeSeriesAtr,status,Output,String,Response status,Optional
twelvedata,twelvedata_GetTimeSeriesAtr,params,Input,String,,Required
twelvedata,twelvedata_GetTimeSeriesAtr,meta,Output,String,,Optional
twelvedata,twelvedata_GetTimeSeriesAtr,values,Output,String,Array of time series data points,Optional
twelvedata,twelvedata_GetDividends,dividends,Output,String,List of dividends,Optional
twelvedata,twelvedata_GetDividends,params,Input,String,,Required
twelvedata,twelvedata_GetDividends,meta,Output,String,,Optional
twelvedata,twelvedata_GetCryptocurrencies,status,Output,String,Response status,Optional
twelvedata,twelvedata_GetCryptocurrencies,data,Output,String,List of cryptocurrencies,Optional
twelvedata,twelvedata_GetCryptocurrencies,params,Input,String,,Required
twelvedata,twelvedata_GetEarnings,status,Output,String,Response status,Optional
twelvedata,twelvedata_GetEarnings,earnings,Output,String,List of earnings data,Optional
twelvedata,twelvedata_GetEarnings,params,Input,String,,Required
twelvedata,twelvedata_GetEarnings,meta,Output,String,,Optional
twelvedata,twelvedata_GetCurrencyConversion,symbol,Output,String,Requested currency symbol,Optional
twelvedata,twelvedata_GetCurrencyConversion,params,Input,String,,Required
twelvedata,twelvedata_GetCurrencyConversion,timestamp,Output,String,Unix timestamp of the rate,Optional
twelvedata,twelvedata_GetCurrencyConversion,amount,Output,String,Amount of converted currency,Optional
twelvedata,twelvedata_GetCurrencyConversion,rate,Output,String,Real-time exchange rate for the corresponding symbol,Optional
twelvedata,twelvedata_GetExchanges,status,Output,String,Response status,Optional
twelvedata,twelvedata_GetExchanges,data,Output,String,List of exchanges,Optional
twelvedata,twelvedata_GetExchanges,params,Input,String,,Required
twelvedata,twelvedata_GetSplits,params,Input,String,,Required
twelvedata,twelvedata_GetSplits,splits,Output,String,List of stock splits,Optional
twelvedata,twelvedata_GetSplits,meta,Output,String,,Optional
twelvedata,twelvedata_GetEarliestTimestamp,unix_time,Output,String,Datetime converted to UNIX timestamp,Optional
twelvedata,twelvedata_GetEarliestTimestamp,params,Input,String,,Required
twelvedata,twelvedata_GetEarliestTimestamp,datetime,Output,String,"Earliest datetime, the format depends on interval",Optional
twelvedata,twelvedata_GetEtf,status,Output,String,Response status,Optional
twelvedata,twelvedata_GetEtf,data,Output,String,List of ETFs,Optional
twelvedata,twelvedata_GetEtf,params,Input,String,,Required
twelvedata,twelvedata_GetCommodities,status,Output,String,Response status,Optional
twelvedata,twelvedata_GetCommodities,data,Output,String,List of commodities,Optional
twelvedata,twelvedata_GetCommodities,params,Input,String,,Required
twelvedata,twelvedata_GetFunds,status,Output,String,Status of the response,Optional
twelvedata,twelvedata_GetFunds,params,Input,String,,Required
twelvedata,twelvedata_GetFunds,result,Output,String,,Optional
twelvedata,twelvedata_GetIpoCalendar,params,Input,String,,Required
twelvedata,twelvedata_GetCryptocurrencyExchanges,status,Output,String,Response status,Optional
twelvedata,twelvedata_GetCryptocurrencyExchanges,data,Output,String,List of cryptocurrency exchanges,Optional
twelvedata,twelvedata_GetCryptocurrencyExchanges,params,Input,String,,Required
twelvedata,twelvedata_GetTimeSeriesCross,params,Input,String,,Required
twelvedata,twelvedata_GetTimeSeriesCross,meta,Output,String,,Optional
twelvedata,twelvedata_GetTimeSeriesCross,values,Output,String,Array of time series data points,Optional
twelvedata,twelvedata_GetCrossListings,params,Input,String,,Required
twelvedata,twelvedata_GetCrossListings,result,Output,String,,Optional
twelvedata,twelvedata_GetTechnicalIndicators,status,Output,String,Response status,Optional
twelvedata,twelvedata_GetTechnicalIndicators,data,Output,String,Map of technical indicators available at Twelve Data API,Optional
twelvedata,twelvedata_GetTechnicalIndicators,params,Input,String,,Required
twelvedata,twelvedata_GetApiUsage,plan_limit,Output,String,Your personal API limit (requests/minute) depending on the plan,Optional
twelvedata,twelvedata_GetApiUsage,params,Input,String,,Required
twelvedata,twelvedata_GetApiUsage,timestamp,Output,String,Current timestamp in UTC timezone,Optional
twelvedata,twelvedata_GetApiUsage,current_usage,Output,String,Number of requests made in last minute,Optional
twelvedata,twelvedata_GetLogo,logo_quote,Output,String,Link to download the quote currency logo (for `forex` and `crypto` only),Optional
twelvedata,twelvedata_GetLogo,url,Output,String,Link to download the logo (for stocks only),Optional
twelvedata,twelvedata_GetLogo,params,Input,String,,Required
twelvedata,twelvedata_GetLogo,logo_base,Output,String,Link to download the base currency logo (for `forex` and `crypto` only),Optional
twelvedata,twelvedata_GetLogo,meta,Output,String,,Optional
twelvedata,twelvedata_GetTimeSeriesAdx,status,Output,String,Response status,Optional
twelvedata,twelvedata_GetTimeSeriesAdx,params,Input,String,,Required
twelvedata,twelvedata_GetTimeSeriesAdx,meta,Output,String,,Optional
twelvedata,twelvedata_GetTimeSeriesAdx,values,Output,String,Array of time series data points,Optional
weather,weather_get_current_weather,location,Input,String,"US location as coordinates (lat,lng) in decimal degrees. Example: '40.7128,-74.0060' for New York City. Must be within US boundaries including states, territories (PR, VI, AS, GU, MP), and coastal waters.",Required
weather,weather_get_weather_forecast,days,Input,Number,"Number of days to forecast (1-7, default 7). Each day includes both day and night periods.",Optional
weather,weather_get_weather_forecast,location,Input,String,"US location as coordinates (lat,lng) in decimal degrees. Example: '40.7128,-74.0060' for New York City. Must be within US boundaries including states, territories (PR, VI, AS, GU, MP), and coastal waters.",Required
weather,weather_get_hourly_forecast,hours,Input,Number,"Number of hours to forecast (1-48, default 24). Provides temperature, conditions, and precipitation probability for each hour.",Optional
weather,weather_get_hourly_forecast,location,Input,String,"US location as coordinates (lat,lng) in decimal degrees. Example: '40.7128,-74.0060' for New York City. Must be within US boundaries including states, territories (PR, VI, AS, GU, MP), and coastal waters.",Required
weather,weather_get_weather_alerts,location,Input,String,"US location as coordinates (lat,lng) in decimal degrees OR 2-letter state/territory code. Examples: '40.7128,-74.0060' for New York City, 'CA' for California, 'PR' for Puerto Rico. Valid state codes: AL, AK, AS, AR, AZ, CA, CO, CT, DE, DC, FL, GA, GU, HI, ID, IL, IN, IA, KS, KY, LA, ME, MD, MA, MI, MN, MS, MO, MT, NE, NV, NH, NJ, NM, NY, NC, ND, OH, OK, OR, PA, PR, RI, SC, SD, TN, TX, UT, VT, VI, VA, WA, WV, WI, WY, MP, PW, FM, MH.",Required
weather,weather_get_weather_alerts,severity,Input,String,"Filter by alert severity: 'extreme' (life-threatening), 'severe' (significant threat), 'moderate' (possible threat), 'minor' (minimal threat), or 'all' (default - shows all active alerts).",Optional
weather,weather_find_weather_stations,location,Input,String,"US location as coordinates (lat,lng) in decimal degrees. Example: '40.7128,-74.0060' for New York City. Must be within US boundaries including states, territories (PR, VI, AS, GU, MP), and coastal waters.",Required
weather,weather_find_weather_stations,limit,Input,Number,"Maximum number of stations to return (1-20, default 10). Stations are returned ordered by distance from the specified location.",Optional
weather,weather_get_local_time,location,Input,String,"US location as coordinates (lat,lng) in decimal degrees. Example: '40.7128,-74.0060' for New York City.",Required
weather-data,weather-data_weather_current,aqi,Input,String,,Optional
weather-data,weather-data_weather_current,q,Input,String,,Required
weather-data,weather-data_weather_forecast,alerts,Input,String,,Optional
weather-data,weather-data_weather_forecast,days,Input,Integer,,Optional
weather-data,weather-data_weather_forecast,aqi,Input,String,,Optional
weather-data,weather-data_weather_forecast,q,Input,String,,Required
weather-data,weather-data_weather_history,dt,Input,String,,Required
weather-data,weather-data_weather_history,q,Input,String,,Required
weather-data,weather-data_weather_alerts,q,Input,String,,Required
weather-data,weather-data_weather_airquality,q,Input,String,,Required
weather-data,weather-data_weather_astronomy,dt,Input,String,,Required
weather-data,weather-data_weather_astronomy,q,Input,String,,Required
weather-data,weather-data_weather_search,q,Input,String,,Required
weather-data,weather-data_weather_timezone,q,Input,String,,Required
weather-data,weather-data_weather_sports,q,Input,String,,Required
whois,whois_whois_domain,domain,Input,String,,Required
whois,whois_whois_tld,tld,Input,String,,Required
whois,whois_whois_ip,ip,Input,String,,Required
whois,whois_whois_as,asn,Input,String,,Required
wikipedia,wikipedia_search_wikipedia,query,Input,String,,Required
wikipedia,wikipedia_search_wikipedia,limit,Input,Integer,,Optional
wikipedia,wikipedia_get_article,title,Input,String,,Required
wikipedia,wikipedia_get_summary,title,Input,String,,Required
wikipedia,wikipedia_summarize_article_for_query,title,Input,String,,Required
wikipedia,wikipedia_summarize_article_for_query,query,Input,String,,Required
wikipedia,wikipedia_summarize_article_for_query,max_length,Input,Integer,,Optional
wikipedia,wikipedia_summarize_article_section,title,Input,String,,Required
wikipedia,wikipedia_summarize_article_section,section_title,Input,String,,Required
wikipedia,wikipedia_summarize_article_section,max_length,Input,Integer,,Optional
wikipedia,wikipedia_extract_key_facts,topic_within_article,Input,String,,Optional
wikipedia,wikipedia_extract_key_facts,title,Input,String,,Required
wikipedia,wikipedia_extract_key_facts,count,Input,Integer,,Optional
wikipedia,wikipedia_get_related_topics,title,Input,String,,Required
wikipedia,wikipedia_get_related_topics,limit,Input,Integer,,Optional
wikipedia,wikipedia_get_sections,title,Input,String,,Required
wikipedia,wikipedia_get_links,title,Input,String,,Required
