server_name,tool_name,tool_description,parameter_name,schema_type,datatype,parameter_description,is_required
airtable,airtable_create_field,Create a new field in a table,base_id,Input,String,ID of the base,Required
airtable,airtable_create_field,Create a new field in a table,field,Input,Object,,Required
airtable,airtable_create_field,Create a new field in a table,table_id,Input,String,ID of the table,Required
airtable,airtable_create_record,Create a new record in a table,base_id,Input,String,ID of the base,Required
airtable,airtable_create_record,Create a new record in a table,fields,Input,Object,Record fields as key-value pairs,Required
airtable,airtable_create_record,Create a new record in a table,table_name,Input,String,Name of the table,Required
airtable,airtable_create_table,Create a new table in a base,base_id,Input,String,ID of the base,Required
airtable,airtable_create_table,Create a new table in a base,description,Input,String,Description of the table,Optional
airtable,airtable_create_table,Create a new table in a base,fields,Input,Array,Initial fields for the table,Optional
airtable,airtable_create_table,Create a new table in a base,table_name,Input,String,Name of the new table,Required
airtable,airtable_delete_record,Delete a record from a table,base_id,Input,String,ID of the base,Required
airtable,airtable_delete_record,Delete a record from a table,record_id,Input,String,ID of the record to delete,Required
airtable,airtable_delete_record,Delete a record from a table,table_name,Input,String,Name of the table,Required
airtable,airtable_get_record,Get a single record by its ID,base_id,Input,String,ID of the base,Required
airtable,airtable_get_record,Get a single record by its ID,record_id,Input,String,ID of the record to retrieve,Required
airtable,airtable_get_record,Get a single record by its ID,table_name,Input,String,Name of the table,Required
airtable,airtable_list_records,List records in a table,base_id,Input,String,ID of the base,Required
airtable,airtable_list_records,List records in a table,max_records,Input,Number,Maximum number of records to return,Optional
airtable,airtable_list_records,List records in a table,table_name,Input,String,Name of the table,Required
airtable,airtable_list_tables,List all tables in a base,base_id,Input,String,ID of the base,Required
airtable,airtable_search_records,Search for records in a table,base_id,Input,String,ID of the base,Required
airtable,airtable_search_records,Search for records in a table,field_name,Input,String,Name of the field to search in,Required
airtable,airtable_search_records,Search for records in a table,table_name,Input,String,Name of the table,Required
airtable,airtable_search_records,Search for records in a table,value,Input,String,Value to search for,Required
airtable,airtable_update_field,Update a field in a table,base_id,Input,String,ID of the base,Required
airtable,airtable_update_field,Update a field in a table,field_id,Input,String,ID of the field to update,Required
airtable,airtable_update_field,Update a field in a table,table_id,Input,String,ID of the table,Required
airtable,airtable_update_field,Update a field in a table,updates,Input,Object,,Required
airtable,airtable_update_record,Update an existing record in a table,base_id,Input,String,ID of the base,Required
airtable,airtable_update_record,Update an existing record in a table,fields,Input,Object,Record fields to update as key-value pairs,Required
airtable,airtable_update_record,Update an existing record in a table,record_id,Input,String,ID of the record to update,Required
airtable,airtable_update_record,Update an existing record in a table,table_name,Input,String,Name of the table,Required
airtable,airtable_update_table,Update a table's schema,base_id,Input,String,ID of the base,Required
airtable,airtable_update_table,Update a table's schema,description,Input,String,New description for the table,Optional
airtable,airtable_update_table,Update a table's schema,name,Input,String,New name for the table,Optional
airtable,airtable_update_table,Update a table's schema,table_id,Input,String,ID of the table to update,Required
alchemy,alchemy_fetchAddressTransactionHistory,,addresses,Input,Array,A list of wallet address and network pairs,Required
alchemy,alchemy_fetchAddressTransactionHistory,,after,Input,String,The cursor that points to the next set of results. Use this to paginate through the results.,Optional
alchemy,alchemy_fetchAddressTransactionHistory,,before,Input,String,The cursor that points to the previous set of results. Use this to paginate through the results.,Optional
alchemy,alchemy_fetchAddressTransactionHistory,,limit,Input,Number,The number of results to return. Default is 25. Max is 100,Optional
alchemy,alchemy_fetchNftContractDataByMultichainAddress,,addresses,Input,Array,A list of wallet address and network pairs,Required
alchemy,alchemy_fetchNftContractDataByMultichainAddress,,withMetadata,Input,Boolean,Whether to include metadata in the results.,Optional
alchemy,alchemy_fetchNftsOwnedByMultichainAddresses,,addresses,Input,Array,A list of wallet address and network pairs,Required
alchemy,alchemy_fetchNftsOwnedByMultichainAddresses,,pageKey,Input,String,The cursor to start the search from. Use this to paginate through the results.,Optional
alchemy,alchemy_fetchNftsOwnedByMultichainAddresses,,pageSize,Input,Number,The number of results to return. Default is 100. Max is 100,Optional
alchemy,alchemy_fetchNftsOwnedByMultichainAddresses,,withMetadata,Input,Boolean,Whether to include metadata in the results.,Optional
alchemy,alchemy_fetchTokenPriceByAddress,,addresses,Input,Array,A list of token contract address and network pairs,Required
alchemy,alchemy_fetchTokenPriceBySymbol,,symbols,Input,Array,"A list of blockchaintoken symbols to query. e.g. [""BTC"", ""ETH""]",Required
alchemy,alchemy_fetchTokenPriceHistoryBySymbol,,endTime,Input,String,"The end time date to query. e.g. ""2021-01-01""",Required
alchemy,alchemy_fetchTokenPriceHistoryBySymbol,,interval,Input,String,"The interval to query. e.g. ""1d"" or ""1h""",Required
alchemy,alchemy_fetchTokenPriceHistoryBySymbol,,startTime,Input,String,"The start time date to query. e.g. ""2021-01-01""",Required
alchemy,alchemy_fetchTokenPriceHistoryBySymbol,,symbol,Input,String,"The token symbol to query. e.g. ""BTC"" or ""ETH""",Required
alchemy,alchemy_fetchTokenPriceHistoryByTimeFrame,,interval,Input,String,"The interval to query. e.g. ""1d"" or ""1h""",Optional
alchemy,alchemy_fetchTokenPriceHistoryByTimeFrame,,symbol,Input,String,"The token symbol to query. e.g. ""BTC"" or ""ETH""",Required
alchemy,alchemy_fetchTokenPriceHistoryByTimeFrame,,timeFrame,Input,String,"Time frame like ""last-week"", ""past-7d"", ""ytd"", ""last-month"", etc. or use natural language like ""last week""",Required
alchemy,alchemy_fetchTokenPriceHistoryByTimeFrame,,useNaturalLanguageProcessing,Input,Boolean,"If true, will interpret timeFrame as natural language",Optional
alchemy,alchemy_fetchTokensOwnedByMultichainAddresses,,addresses,Input,Array,A list of wallet address and network pairs,Required
alchemy,alchemy_fetchTransfers,,category,Input,Array,"The category of transfers to query. e.g. ""external"" or ""internal""",Optional
alchemy,alchemy_fetchTransfers,,contractAddresses,Input,Array,"The contract addresses to query. e.g. [""0x1234567890123456789012345678901234567890""]",Optional
alchemy,alchemy_fetchTransfers,,excludeZeroValue,Input,Boolean,Whether to exclude zero value transfers.,Optional
alchemy,alchemy_fetchTransfers,,fromAddress,Input,String,The wallet address to query the transfer was sent from.,Optional
alchemy,alchemy_fetchTransfers,,fromBlock,Input,String,"The block number to start the search from. e.g. ""1234567890"". Inclusive from block (hex string, int, latest, or indexed).",Optional
alchemy,alchemy_fetchTransfers,,maxCount,Input,String,"The maximum number of results to return. e.g. ""0x3E8"".",Optional
alchemy,alchemy_fetchTransfers,,network,Input,String,"The blockchain network to query. e.g. ""eth-mainnet"" or ""base-mainnet"").",Optional
alchemy,alchemy_fetchTransfers,,order,Input,String,"The order of the results. e.g. ""asc"" or ""desc"".",Optional
alchemy,alchemy_fetchTransfers,,pageKey,Input,String,The cursor to start the search from. Use this to paginate through the results.,Optional
alchemy,alchemy_fetchTransfers,,toAddress,Input,String,The wallet address to query the transfer was sent to.,Optional
alchemy,alchemy_fetchTransfers,,toBlock,Input,String,"The block number to end the search at. e.g. ""1234567890"". Inclusive to block (hex string, int, latest, or indexed).",Optional
alchemy,alchemy_fetchTransfers,,withMetadata,Input,Boolean,Whether to include metadata in the results.,Optional
arxiv,arxiv_download_paper,Download a paper and create a resource for it,check_status,Input,Boolean,"If true, only check conversion status without downloading",Optional
arxiv,arxiv_download_paper,Download a paper and create a resource for it,paper_id,Input,String,The arXiv ID of the paper to download,Required
arxiv,arxiv_read_paper,Read the full content of a stored paper in markdown format,paper_id,Input,String,The arXiv ID of the paper to read,Required
arxiv,arxiv_search_papers,Search for papers on arXiv with advanced filtering,categories,Input,Array,,Optional
arxiv,arxiv_search_papers,Search for papers on arXiv with advanced filtering,date_from,Input,String,,Optional
arxiv,arxiv_search_papers,Search for papers on arXiv with advanced filtering,date_to,Input,String,,Optional
arxiv,arxiv_search_papers,Search for papers on arXiv with advanced filtering,max_results,Input,Integer,,Optional
arxiv,arxiv_search_papers,Search for papers on arXiv with advanced filtering,query,Input,String,,Required
brave-search,brave-search_brave_local_search,"Searches for local businesses and places using Brave's Local Search API. Best for queries related to physical locations, businesses, restaurants, services, etc. Returns detailed information including:
- Business names and addresses
- Ratings and review counts
- Phone numbers and opening hours
Use this when the query implies 'near me' or mentions specific locations. Automatically falls back to web search if no local results are found.",count,Input,Number,"Number of results (1-20, default 5)",Optional
brave-search,brave-search_brave_local_search,"Searches for local businesses and places using Brave's Local Search API. Best for queries related to physical locations, businesses, restaurants, services, etc. Returns detailed information including:
- Business names and addresses
- Ratings and review counts
- Phone numbers and opening hours
Use this when the query implies 'near me' or mentions specific locations. Automatically falls back to web search if no local results are found.",query,Input,String,Local search query (e.g. 'pizza near Central Park'),Required
brave-search,brave-search_brave_web_search,"Performs a web search using the Brave Search API, ideal for general queries, news, articles, and online content. Use this for broad information gathering, recent events, or when you need diverse web sources. Supports pagination, content filtering, and freshness controls. Maximum 20 results per request, with offset for pagination. ",count,Input,Number,"Number of results (1-20, default 10)",Optional
brave-search,brave-search_brave_web_search,"Performs a web search using the Brave Search API, ideal for general queries, news, articles, and online content. Use this for broad information gathering, recent events, or when you need diverse web sources. Supports pagination, content filtering, and freshness controls. Maximum 20 results per request, with offset for pagination. ",offset,Input,Number,"Pagination offset (max 9, default 0)",Optional
brave-search,brave-search_brave_web_search,"Performs a web search using the Brave Search API, ideal for general queries, news, articles, and online content. Use this for broad information gathering, recent events, or when you need diverse web sources. Supports pagination, content filtering, and freshness controls. Maximum 20 results per request, with offset for pagination. ",query,Input,String,"Search query (max 400 chars, 50 words)",Required
calculator,calculator_calculate,Calculates/evaluates the given expression.,expression,Input,String,,Required
cli-mcp-server,cli-mcp-server_run_command,"Allows command (CLI) execution in the directory: /data

Available commands: ls, cat, find
Available flags: 

Shell operators (&&, ||, |, >, >>, <, <<, ;) are not supported. Set ALLOW_SHELL_OPERATORS=true to enable.",command,Input,String,Single command to execute (example: 'ls -l' or 'cat file.txt'),Required
clinicaltrialsgov-mcp-server,clinicaltrialsgov-mcp-server_clinicaltrials_analyze_trends,"Performs a statistical analysis on a set of clinical trials, aggregating data by status, country, sponsor, or phase. Use specific query parameters to refine the analysis and filter the studies included in the analysis. The tool can handle up to 5000 studies per analysis.",analysisType,Input,String,The type of statistical analysis to perform on the study set.,Required
clinicaltrialsgov-mcp-server,clinicaltrialsgov-mcp-server_clinicaltrials_analyze_trends,"Performs a statistical analysis on a set of clinical trials, aggregating data by status, country, sponsor, or phase. Use specific query parameters to refine the analysis and filter the studies included in the analysis. The tool can handle up to 5000 studies per analysis.",filter,Input,Object,A set of filters that narrow the search results without affecting ranking.,Optional
clinicaltrialsgov-mcp-server,clinicaltrialsgov-mcp-server_clinicaltrials_analyze_trends,"Performs a statistical analysis on a set of clinical trials, aggregating data by status, country, sponsor, or phase. Use specific query parameters to refine the analysis and filter the studies included in the analysis. The tool can handle up to 5000 studies per analysis.",query,Input,Object,A set of search terms that influence result ranking.,Optional
clinicaltrialsgov-mcp-server,clinicaltrialsgov-mcp-server_clinicaltrials_get_study,Fetches one or more clinical studies from ClinicalTrials.gov by their NCT IDs. Returns either complete study data or concise summaries for each.,fields,Input,Array,"An optional list of specific top-level fields to include in the response. If omitted, all fields are returned.",Optional
clinicaltrialsgov-mcp-server,clinicaltrialsgov-mcp-server_clinicaltrials_get_study,Fetches one or more clinical studies from ClinicalTrials.gov by their NCT IDs. Returns either complete study data or concise summaries for each.,markupFormat,Input,String,Specifies the format for rich text fields in the response. Defaults to 'markdown'.,Optional
clinicaltrialsgov-mcp-server,clinicaltrialsgov-mcp-server_clinicaltrials_get_study,Fetches one or more clinical studies from ClinicalTrials.gov by their NCT IDs. Returns either complete study data or concise summaries for each.,nctIds,Input,String,"A single NCT ID or an array of up to 5 NCT IDs. Each must follow the format 'NCT' followed by 8 digits (e.g., 'NCT12345678').",Required
clinicaltrialsgov-mcp-server,clinicaltrialsgov-mcp-server_clinicaltrials_get_study,Fetches one or more clinical studies from ClinicalTrials.gov by their NCT IDs. Returns either complete study data or concise summaries for each.,summaryOnly,Input,Boolean,"If true, returns a condensed summary of the study instead of the full data. Defaults to false.",Optional
clinicaltrialsgov-mcp-server,clinicaltrialsgov-mcp-server_clinicaltrials_list_studies,"Searches for clinical studies using a combination of query terms and filters. Supports pagination, sorting, and geographic filtering.",countTotal,Input,Boolean,"If true, includes the total count of matching studies in the response.",Optional
clinicaltrialsgov-mcp-server,clinicaltrialsgov-mcp-server_clinicaltrials_list_studies,"Searches for clinical studies using a combination of query terms and filters. Supports pagination, sorting, and geographic filtering.",fields,Input,Array,A list of specific top-level fields to include in the response.,Optional
clinicaltrialsgov-mcp-server,clinicaltrialsgov-mcp-server_clinicaltrials_list_studies,"Searches for clinical studies using a combination of query terms and filters. Supports pagination, sorting, and geographic filtering.",filter,Input,Object,A set of filters that narrow the search results without affecting ranking.,Optional
clinicaltrialsgov-mcp-server,clinicaltrialsgov-mcp-server_clinicaltrials_list_studies,"Searches for clinical studies using a combination of query terms and filters. Supports pagination, sorting, and geographic filtering.",pageSize,Input,Integer,The number of studies to return per page (1-1000). Defaults to 5.,Optional
clinicaltrialsgov-mcp-server,clinicaltrialsgov-mcp-server_clinicaltrials_list_studies,"Searches for clinical studies using a combination of query terms and filters. Supports pagination, sorting, and geographic filtering.",pageToken,Input,String,A token used to retrieve the next page of results.,Optional
clinicaltrialsgov-mcp-server,clinicaltrialsgov-mcp-server_clinicaltrials_list_studies,"Searches for clinical studies using a combination of query terms and filters. Supports pagination, sorting, and geographic filtering.",query,Input,Object,A set of search terms that influence result ranking.,Optional
clinicaltrialsgov-mcp-server,clinicaltrialsgov-mcp-server_clinicaltrials_list_studies,"Searches for clinical studies using a combination of query terms and filters. Supports pagination, sorting, and geographic filtering.",sort,Input,Array,Specify the sort order for the results.,Optional
context7,context7_get-library-docs,"Fetches up-to-date documentation for a library. You must call 'resolve-library-id' first to obtain the exact Context7-compatible library ID required to use this tool, UNLESS the user explicitly provides a library ID in the format '/org/project' or '/org/project/version' in their query.",context7CompatibleLibraryID,Input,String,"Exact Context7-compatible library ID (e.g., '/mongodb/docs', '/vercel/next.js', '/supabase/supabase', '/vercel/next.js/v14.3.0-canary.87') retrieved from 'resolve-library-id' or directly from user query in the format '/org/project' or '/org/project/version'.",Required
context7,context7_get-library-docs,"Fetches up-to-date documentation for a library. You must call 'resolve-library-id' first to obtain the exact Context7-compatible library ID required to use this tool, UNLESS the user explicitly provides a library ID in the format '/org/project' or '/org/project/version' in their query.",tokens,Input,Number,Maximum number of tokens of documentation to retrieve (default: 10000). Higher values provide more context but consume more tokens.,Optional
context7,context7_get-library-docs,"Fetches up-to-date documentation for a library. You must call 'resolve-library-id' first to obtain the exact Context7-compatible library ID required to use this tool, UNLESS the user explicitly provides a library ID in the format '/org/project' or '/org/project/version' in their query.",topic,Input,String,"Topic to focus documentation on (e.g., 'hooks', 'routing').",Optional
context7,context7_resolve-library-id,"Resolves a package/product name to a Context7-compatible library ID and returns a list of matching libraries.

You MUST call this function before 'get-library-docs' to obtain a valid Context7-compatible library ID UNLESS the user explicitly provides a library ID in the format '/org/project' or '/org/project/version' in their query.

Selection Process:
1. Analyze the query to understand what library/package the user is looking for
2. Return the most relevant match based on:
- Name similarity to the query (exact matches prioritized)
- Description relevance to the query's intent
- Documentation coverage (prioritize libraries with higher Code Snippet counts)
- Trust score (consider libraries with scores of 7-10 more authoritative)

Response Format:
- Return the selected library ID in a clearly marked section
- Provide a brief explanation for why this library was chosen
- If multiple good matches exist, acknowledge this but proceed with the most relevant one
- If no good matches exist, clearly state this and suggest query refinements

For ambiguous queries, request clarification before proceeding with a best-guess match.",libraryName,Input,String,Library name to search for and retrieve a Context7-compatible library ID.,Required
ddg-search,ddg-search_fetch_content,"
Fetch and parse content from a webpage URL.

Args:
    url: The webpage URL to fetch content from
    ctx: MCP context for logging
",url,Input,String,,Required
ddg-search,ddg-search_search,"
Search DuckDuckGo and return formatted results.

Args:
    query: The search query string
    max_results: Maximum number of results to return (default: 10)
    ctx: MCP context for logging
",max_results,Input,Integer,,Optional
ddg-search,ddg-search_search,"
Search DuckDuckGo and return formatted results.

Args:
    query: The search query string
    max_results: Maximum number of results to return (default: 10)
    ctx: MCP context for logging
",query,Input,String,,Required
desktop-commander,desktop-commander_create_directory,"
                        Create a new directory or ensure a directory exists.
                        
                        Can create multiple nested directories in one operation.
                        Only works within allowed directories.
                        
                        IMPORTANT: Always use absolute paths for reliability. Paths are automatically normalized regardless of slash direction. Relative paths may fail as they depend on the current working directory. Tilde paths (~/...) might not work in all contexts. Unless the user explicitly asks for relative paths, use absolute paths.
                        This command can be referenced as ""DC: ..."" or ""use Desktop Commander to ..."" in your instructions.",path,Input,String,,Required
desktop-commander,desktop-commander_edit_block,"
                        Apply surgical text replacements to files.
                        
                        BEST PRACTICE: Make multiple small, focused edits rather than one large edit.
                        Each edit_block call should change only what needs to be changed - include just enough 
                        context to uniquely identify the text being modified.
                        
                        Takes:
                        - file_path: Path to the file to edit
                        - old_string: Text to replace
                        - new_string: Replacement text
                        - expected_replacements: Optional parameter for number of replacements
                        
                        By default, replaces only ONE occurrence of the search text.
                        To replace multiple occurrences, provide the expected_replacements parameter with
                        the exact number of matches expected.
                        
                        UNIQUENESS REQUIREMENT: When expected_replacements=1 (default), include the minimal
                        amount of context necessary (typically 1-3 lines) before and after the change point,
                        with exact whitespace and indentation.
                        
                        When editing multiple sections, make separate edit_block calls for each distinct change
                        rather than one large replacement.
                        
                        When a close but non-exact match is found, a character-level diff is shown in the format:
                        common_prefix{-removed-}{+added+}common_suffix to help you identify what's different.
                        
                        Similar to write_file, there is a configurable line limit (fileWriteLineLimit) that warns
                        if the edited file exceeds this limit. If this happens, consider breaking your edits into
                        smaller, more focused changes.
                        
                        IMPORTANT: Always use absolute paths for reliability. Paths are automatically normalized regardless of slash direction. Relative paths may fail as they depend on the current working directory. Tilde paths (~/...) might not work in all contexts. Unless the user explicitly asks for relative paths, use absolute paths.
                        This command can be referenced as ""DC: ..."" or ""use Desktop Commander to ..."" in your instructions.",expected_replacements,Input,Number,,Optional
desktop-commander,desktop-commander_edit_block,"
                        Apply surgical text replacements to files.
                        
                        BEST PRACTICE: Make multiple small, focused edits rather than one large edit.
                        Each edit_block call should change only what needs to be changed - include just enough 
                        context to uniquely identify the text being modified.
                        
                        Takes:
                        - file_path: Path to the file to edit
                        - old_string: Text to replace
                        - new_string: Replacement text
                        - expected_replacements: Optional parameter for number of replacements
                        
                        By default, replaces only ONE occurrence of the search text.
                        To replace multiple occurrences, provide the expected_replacements parameter with
                        the exact number of matches expected.
                        
                        UNIQUENESS REQUIREMENT: When expected_replacements=1 (default), include the minimal
                        amount of context necessary (typically 1-3 lines) before and after the change point,
                        with exact whitespace and indentation.
                        
                        When editing multiple sections, make separate edit_block calls for each distinct change
                        rather than one large replacement.
                        
                        When a close but non-exact match is found, a character-level diff is shown in the format:
                        common_prefix{-removed-}{+added+}common_suffix to help you identify what's different.
                        
                        Similar to write_file, there is a configurable line limit (fileWriteLineLimit) that warns
                        if the edited file exceeds this limit. If this happens, consider breaking your edits into
                        smaller, more focused changes.
                        
                        IMPORTANT: Always use absolute paths for reliability. Paths are automatically normalized regardless of slash direction. Relative paths may fail as they depend on the current working directory. Tilde paths (~/...) might not work in all contexts. Unless the user explicitly asks for relative paths, use absolute paths.
                        This command can be referenced as ""DC: ..."" or ""use Desktop Commander to ..."" in your instructions.",file_path,Input,String,,Required
desktop-commander,desktop-commander_edit_block,"
                        Apply surgical text replacements to files.
                        
                        BEST PRACTICE: Make multiple small, focused edits rather than one large edit.
                        Each edit_block call should change only what needs to be changed - include just enough 
                        context to uniquely identify the text being modified.
                        
                        Takes:
                        - file_path: Path to the file to edit
                        - old_string: Text to replace
                        - new_string: Replacement text
                        - expected_replacements: Optional parameter for number of replacements
                        
                        By default, replaces only ONE occurrence of the search text.
                        To replace multiple occurrences, provide the expected_replacements parameter with
                        the exact number of matches expected.
                        
                        UNIQUENESS REQUIREMENT: When expected_replacements=1 (default), include the minimal
                        amount of context necessary (typically 1-3 lines) before and after the change point,
                        with exact whitespace and indentation.
                        
                        When editing multiple sections, make separate edit_block calls for each distinct change
                        rather than one large replacement.
                        
                        When a close but non-exact match is found, a character-level diff is shown in the format:
                        common_prefix{-removed-}{+added+}common_suffix to help you identify what's different.
                        
                        Similar to write_file, there is a configurable line limit (fileWriteLineLimit) that warns
                        if the edited file exceeds this limit. If this happens, consider breaking your edits into
                        smaller, more focused changes.
                        
                        IMPORTANT: Always use absolute paths for reliability. Paths are automatically normalized regardless of slash direction. Relative paths may fail as they depend on the current working directory. Tilde paths (~/...) might not work in all contexts. Unless the user explicitly asks for relative paths, use absolute paths.
                        This command can be referenced as ""DC: ..."" or ""use Desktop Commander to ..."" in your instructions.",new_string,Input,String,,Required
desktop-commander,desktop-commander_edit_block,"
                        Apply surgical text replacements to files.
                        
                        BEST PRACTICE: Make multiple small, focused edits rather than one large edit.
                        Each edit_block call should change only what needs to be changed - include just enough 
                        context to uniquely identify the text being modified.
                        
                        Takes:
                        - file_path: Path to the file to edit
                        - old_string: Text to replace
                        - new_string: Replacement text
                        - expected_replacements: Optional parameter for number of replacements
                        
                        By default, replaces only ONE occurrence of the search text.
                        To replace multiple occurrences, provide the expected_replacements parameter with
                        the exact number of matches expected.
                        
                        UNIQUENESS REQUIREMENT: When expected_replacements=1 (default), include the minimal
                        amount of context necessary (typically 1-3 lines) before and after the change point,
                        with exact whitespace and indentation.
                        
                        When editing multiple sections, make separate edit_block calls for each distinct change
                        rather than one large replacement.
                        
                        When a close but non-exact match is found, a character-level diff is shown in the format:
                        common_prefix{-removed-}{+added+}common_suffix to help you identify what's different.
                        
                        Similar to write_file, there is a configurable line limit (fileWriteLineLimit) that warns
                        if the edited file exceeds this limit. If this happens, consider breaking your edits into
                        smaller, more focused changes.
                        
                        IMPORTANT: Always use absolute paths for reliability. Paths are automatically normalized regardless of slash direction. Relative paths may fail as they depend on the current working directory. Tilde paths (~/...) might not work in all contexts. Unless the user explicitly asks for relative paths, use absolute paths.
                        This command can be referenced as ""DC: ..."" or ""use Desktop Commander to ..."" in your instructions.",old_string,Input,String,,Required
desktop-commander,desktop-commander_force_terminate,"
                        Force terminate a running terminal session.
                        
                        This command can be referenced as ""DC: ..."" or ""use Desktop Commander to ..."" in your instructions.",pid,Input,Number,,Required
desktop-commander,desktop-commander_get_file_info,"
                        Retrieve detailed metadata about a file or directory including:
                        - size
                        - creation time
                        - last modified time 
                        - permissions
                        - type
                        - lineCount (for text files)
                        - lastLine (zero-indexed number of last line, for text files)
                        - appendPosition (line number for appending, for text files)
                        
                        Only works within allowed directories.
                        
                        IMPORTANT: Always use absolute paths for reliability. Paths are automatically normalized regardless of slash direction. Relative paths may fail as they depend on the current working directory. Tilde paths (~/...) might not work in all contexts. Unless the user explicitly asks for relative paths, use absolute paths.
                        This command can be referenced as ""DC: ..."" or ""use Desktop Commander to ..."" in your instructions.",path,Input,String,,Required
desktop-commander,desktop-commander_interact_with_process,"
                        Send input to a running process and automatically receive the response.
                        
                        CRITICAL: THIS IS THE PRIMARY TOOL FOR ALL LOCAL FILE ANALYSIS
                        For ANY local file analysis (CSV, JSON, data processing), ALWAYS use this instead of the analysis tool.
                        The analysis tool CANNOT access local files and WILL FAIL - use processes for ALL file-based work.
                        
                        FILE ANALYSIS PRIORITY ORDER (MANDATORY):
                        1. ALWAYS FIRST: Use this tool (start_process + interact_with_process) for local data analysis
                        2. ALTERNATIVE: Use command-line tools (cut, awk, grep) for quick processing  
                        3. NEVER EVER: Use analysis tool for local file access (IT WILL FAIL)
                        
                        REQUIRED INTERACTIVE WORKFLOW FOR FILE ANALYSIS:
                        1. Start REPL: start_process(""python3 -i"")
                        2. Load libraries: interact_with_process(pid, ""import pandas as pd, numpy as np"")
                        3. Read file: interact_with_process(pid, ""df = pd.read_csv('/absolute/path/file.csv')"")
                        4. Analyze: interact_with_process(pid, ""print(df.describe())"")
                        5. Continue: interact_with_process(pid, ""df.groupby('column').size()"")
                        
                        BINARY FILE PROCESSING WORKFLOWS:
                        Use appropriate Python libraries (PyPDF2, pandas, docx2txt, etc.) or command-line tools for binary file analysis.
                        
                        SMART DETECTION:
                        - Automatically waits for REPL prompt (>>>, >, etc.)
                        - Detects errors and completion states
                        - Early exit prevents timeout delays
                        - Clean output formatting (removes prompts)
                        
                        SUPPORTED REPLs:
                        - Python: python3 -i (RECOMMENDED for data analysis)
                        - Node.js: node -i  
                        - R: R
                        - Julia: julia
                        - Shell: bash, zsh
                        - Database: mysql, postgres
                        
                        PARAMETERS:
                        - pid: Process ID from start_process
                        - input: Code/command to execute
                        - timeout_ms: Max wait (default: 8000ms)
                        - wait_for_prompt: Auto-wait for response (default: true)
                        
                        Returns execution result with status indicators.
                        
                        ALWAYS USE FOR: CSV analysis, JSON processing, file statistics, data visualization prep, ANY local file work
                        NEVER USE ANALYSIS TOOL FOR: Local file access (it cannot read files from disk and WILL FAIL)
                        
                        This command can be referenced as ""DC: ..."" or ""use Desktop Commander to ..."" in your instructions.",input,Input,String,,Required
desktop-commander,desktop-commander_interact_with_process,"
                        Send input to a running process and automatically receive the response.
                        
                        CRITICAL: THIS IS THE PRIMARY TOOL FOR ALL LOCAL FILE ANALYSIS
                        For ANY local file analysis (CSV, JSON, data processing), ALWAYS use this instead of the analysis tool.
                        The analysis tool CANNOT access local files and WILL FAIL - use processes for ALL file-based work.
                        
                        FILE ANALYSIS PRIORITY ORDER (MANDATORY):
                        1. ALWAYS FIRST: Use this tool (start_process + interact_with_process) for local data analysis
                        2. ALTERNATIVE: Use command-line tools (cut, awk, grep) for quick processing  
                        3. NEVER EVER: Use analysis tool for local file access (IT WILL FAIL)
                        
                        REQUIRED INTERACTIVE WORKFLOW FOR FILE ANALYSIS:
                        1. Start REPL: start_process(""python3 -i"")
                        2. Load libraries: interact_with_process(pid, ""import pandas as pd, numpy as np"")
                        3. Read file: interact_with_process(pid, ""df = pd.read_csv('/absolute/path/file.csv')"")
                        4. Analyze: interact_with_process(pid, ""print(df.describe())"")
                        5. Continue: interact_with_process(pid, ""df.groupby('column').size()"")
                        
                        BINARY FILE PROCESSING WORKFLOWS:
                        Use appropriate Python libraries (PyPDF2, pandas, docx2txt, etc.) or command-line tools for binary file analysis.
                        
                        SMART DETECTION:
                        - Automatically waits for REPL prompt (>>>, >, etc.)
                        - Detects errors and completion states
                        - Early exit prevents timeout delays
                        - Clean output formatting (removes prompts)
                        
                        SUPPORTED REPLs:
                        - Python: python3 -i (RECOMMENDED for data analysis)
                        - Node.js: node -i  
                        - R: R
                        - Julia: julia
                        - Shell: bash, zsh
                        - Database: mysql, postgres
                        
                        PARAMETERS:
                        - pid: Process ID from start_process
                        - input: Code/command to execute
                        - timeout_ms: Max wait (default: 8000ms)
                        - wait_for_prompt: Auto-wait for response (default: true)
                        
                        Returns execution result with status indicators.
                        
                        ALWAYS USE FOR: CSV analysis, JSON processing, file statistics, data visualization prep, ANY local file work
                        NEVER USE ANALYSIS TOOL FOR: Local file access (it cannot read files from disk and WILL FAIL)
                        
                        This command can be referenced as ""DC: ..."" or ""use Desktop Commander to ..."" in your instructions.",pid,Input,Number,,Required
desktop-commander,desktop-commander_interact_with_process,"
                        Send input to a running process and automatically receive the response.
                        
                        CRITICAL: THIS IS THE PRIMARY TOOL FOR ALL LOCAL FILE ANALYSIS
                        For ANY local file analysis (CSV, JSON, data processing), ALWAYS use this instead of the analysis tool.
                        The analysis tool CANNOT access local files and WILL FAIL - use processes for ALL file-based work.
                        
                        FILE ANALYSIS PRIORITY ORDER (MANDATORY):
                        1. ALWAYS FIRST: Use this tool (start_process + interact_with_process) for local data analysis
                        2. ALTERNATIVE: Use command-line tools (cut, awk, grep) for quick processing  
                        3. NEVER EVER: Use analysis tool for local file access (IT WILL FAIL)
                        
                        REQUIRED INTERACTIVE WORKFLOW FOR FILE ANALYSIS:
                        1. Start REPL: start_process(""python3 -i"")
                        2. Load libraries: interact_with_process(pid, ""import pandas as pd, numpy as np"")
                        3. Read file: interact_with_process(pid, ""df = pd.read_csv('/absolute/path/file.csv')"")
                        4. Analyze: interact_with_process(pid, ""print(df.describe())"")
                        5. Continue: interact_with_process(pid, ""df.groupby('column').size()"")
                        
                        BINARY FILE PROCESSING WORKFLOWS:
                        Use appropriate Python libraries (PyPDF2, pandas, docx2txt, etc.) or command-line tools for binary file analysis.
                        
                        SMART DETECTION:
                        - Automatically waits for REPL prompt (>>>, >, etc.)
                        - Detects errors and completion states
                        - Early exit prevents timeout delays
                        - Clean output formatting (removes prompts)
                        
                        SUPPORTED REPLs:
                        - Python: python3 -i (RECOMMENDED for data analysis)
                        - Node.js: node -i  
                        - R: R
                        - Julia: julia
                        - Shell: bash, zsh
                        - Database: mysql, postgres
                        
                        PARAMETERS:
                        - pid: Process ID from start_process
                        - input: Code/command to execute
                        - timeout_ms: Max wait (default: 8000ms)
                        - wait_for_prompt: Auto-wait for response (default: true)
                        
                        Returns execution result with status indicators.
                        
                        ALWAYS USE FOR: CSV analysis, JSON processing, file statistics, data visualization prep, ANY local file work
                        NEVER USE ANALYSIS TOOL FOR: Local file access (it cannot read files from disk and WILL FAIL)
                        
                        This command can be referenced as ""DC: ..."" or ""use Desktop Commander to ..."" in your instructions.",timeout_ms,Input,Number,,Optional
desktop-commander,desktop-commander_interact_with_process,"
                        Send input to a running process and automatically receive the response.
                        
                        CRITICAL: THIS IS THE PRIMARY TOOL FOR ALL LOCAL FILE ANALYSIS
                        For ANY local file analysis (CSV, JSON, data processing), ALWAYS use this instead of the analysis tool.
                        The analysis tool CANNOT access local files and WILL FAIL - use processes for ALL file-based work.
                        
                        FILE ANALYSIS PRIORITY ORDER (MANDATORY):
                        1. ALWAYS FIRST: Use this tool (start_process + interact_with_process) for local data analysis
                        2. ALTERNATIVE: Use command-line tools (cut, awk, grep) for quick processing  
                        3. NEVER EVER: Use analysis tool for local file access (IT WILL FAIL)
                        
                        REQUIRED INTERACTIVE WORKFLOW FOR FILE ANALYSIS:
                        1. Start REPL: start_process(""python3 -i"")
                        2. Load libraries: interact_with_process(pid, ""import pandas as pd, numpy as np"")
                        3. Read file: interact_with_process(pid, ""df = pd.read_csv('/absolute/path/file.csv')"")
                        4. Analyze: interact_with_process(pid, ""print(df.describe())"")
                        5. Continue: interact_with_process(pid, ""df.groupby('column').size()"")
                        
                        BINARY FILE PROCESSING WORKFLOWS:
                        Use appropriate Python libraries (PyPDF2, pandas, docx2txt, etc.) or command-line tools for binary file analysis.
                        
                        SMART DETECTION:
                        - Automatically waits for REPL prompt (>>>, >, etc.)
                        - Detects errors and completion states
                        - Early exit prevents timeout delays
                        - Clean output formatting (removes prompts)
                        
                        SUPPORTED REPLs:
                        - Python: python3 -i (RECOMMENDED for data analysis)
                        - Node.js: node -i  
                        - R: R
                        - Julia: julia
                        - Shell: bash, zsh
                        - Database: mysql, postgres
                        
                        PARAMETERS:
                        - pid: Process ID from start_process
                        - input: Code/command to execute
                        - timeout_ms: Max wait (default: 8000ms)
                        - wait_for_prompt: Auto-wait for response (default: true)
                        
                        Returns execution result with status indicators.
                        
                        ALWAYS USE FOR: CSV analysis, JSON processing, file statistics, data visualization prep, ANY local file work
                        NEVER USE ANALYSIS TOOL FOR: Local file access (it cannot read files from disk and WILL FAIL)
                        
                        This command can be referenced as ""DC: ..."" or ""use Desktop Commander to ..."" in your instructions.",wait_for_prompt,Input,Boolean,,Optional
desktop-commander,desktop-commander_kill_process,"
                        Terminate a running process by PID.
                        
                        Use with caution as this will forcefully terminate the specified process.
                        
                        This command can be referenced as ""DC: ..."" or ""use Desktop Commander to ..."" in your instructions.",pid,Input,Number,,Required
desktop-commander,desktop-commander_list_directory,"
                        Get a detailed listing of all files and directories in a specified path.
                        
                        Use this instead of 'execute_command' with ls/dir commands.
                        Results distinguish between files and directories with [FILE] and [DIR] prefixes.
                        Only works within allowed directories.
                        
                        IMPORTANT: Always use absolute paths for reliability. Paths are automatically normalized regardless of slash direction. Relative paths may fail as they depend on the current working directory. Tilde paths (~/...) might not work in all contexts. Unless the user explicitly asks for relative paths, use absolute paths.
                        This command can be referenced as ""DC: ..."" or ""use Desktop Commander to ..."" in your instructions.",path,Input,String,,Required
desktop-commander,desktop-commander_move_file,"
                        Move or rename files and directories.
                        
                        Can move files between directories and rename them in a single operation.
                        Both source and destination must be within allowed directories.
                        
                        IMPORTANT: Always use absolute paths for reliability. Paths are automatically normalized regardless of slash direction. Relative paths may fail as they depend on the current working directory. Tilde paths (~/...) might not work in all contexts. Unless the user explicitly asks for relative paths, use absolute paths.
                        This command can be referenced as ""DC: ..."" or ""use Desktop Commander to ..."" in your instructions.",destination,Input,String,,Required
desktop-commander,desktop-commander_move_file,"
                        Move or rename files and directories.
                        
                        Can move files between directories and rename them in a single operation.
                        Both source and destination must be within allowed directories.
                        
                        IMPORTANT: Always use absolute paths for reliability. Paths are automatically normalized regardless of slash direction. Relative paths may fail as they depend on the current working directory. Tilde paths (~/...) might not work in all contexts. Unless the user explicitly asks for relative paths, use absolute paths.
                        This command can be referenced as ""DC: ..."" or ""use Desktop Commander to ..."" in your instructions.",source,Input,String,,Required
desktop-commander,desktop-commander_read_file,"
                        Read the contents of a file from the file system or a URL with optional offset and length parameters.
                        
                        Prefer this over 'execute_command' with cat/type for viewing files.
                        
                        Supports partial file reading with:
                        - 'offset' (start line, default: 0)
                          * Positive: Start from line N (0-based indexing)
                          * Negative: Read last N lines from end (tail behavior)
                        - 'length' (max lines to read, default: configurable via 'fileReadLineLimit' setting, initially 1000)
                          * Used with positive offsets for range reading
                          * Ignored when offset is negative (reads all requested tail lines)
                        
                        Examples:
                        - offset: 0, length: 10     → First 10 lines
                        - offset: 100, length: 5    → Lines 100-104
                        - offset: -20               → Last 20 lines  
                        - offset: -5, length: 10    → Last 5 lines (length ignored)
                        
                        Performance optimizations:
                        - Large files with negative offsets use reverse reading for efficiency
                        - Large files with deep positive offsets use byte estimation
                        - Small files use fast readline streaming
                        
                        When reading from the file system, only works within allowed directories.
                        Can fetch content from URLs when isUrl parameter is set to true
                        (URLs are always read in full regardless of offset/length).
                        
                        Handles text files normally and image files are returned as viewable images.
                        Recognized image types: PNG, JPEG, GIF, WebP.
                        
                        IMPORTANT: Always use absolute paths for reliability. Paths are automatically normalized regardless of slash direction. Relative paths may fail as they depend on the current working directory. Tilde paths (~/...) might not work in all contexts. Unless the user explicitly asks for relative paths, use absolute paths.
                        This command can be referenced as ""DC: ..."" or ""use Desktop Commander to ..."" in your instructions.",isUrl,Input,Boolean,,Optional
desktop-commander,desktop-commander_read_file,"
                        Read the contents of a file from the file system or a URL with optional offset and length parameters.
                        
                        Prefer this over 'execute_command' with cat/type for viewing files.
                        
                        Supports partial file reading with:
                        - 'offset' (start line, default: 0)
                          * Positive: Start from line N (0-based indexing)
                          * Negative: Read last N lines from end (tail behavior)
                        - 'length' (max lines to read, default: configurable via 'fileReadLineLimit' setting, initially 1000)
                          * Used with positive offsets for range reading
                          * Ignored when offset is negative (reads all requested tail lines)
                        
                        Examples:
                        - offset: 0, length: 10     → First 10 lines
                        - offset: 100, length: 5    → Lines 100-104
                        - offset: -20               → Last 20 lines  
                        - offset: -5, length: 10    → Last 5 lines (length ignored)
                        
                        Performance optimizations:
                        - Large files with negative offsets use reverse reading for efficiency
                        - Large files with deep positive offsets use byte estimation
                        - Small files use fast readline streaming
                        
                        When reading from the file system, only works within allowed directories.
                        Can fetch content from URLs when isUrl parameter is set to true
                        (URLs are always read in full regardless of offset/length).
                        
                        Handles text files normally and image files are returned as viewable images.
                        Recognized image types: PNG, JPEG, GIF, WebP.
                        
                        IMPORTANT: Always use absolute paths for reliability. Paths are automatically normalized regardless of slash direction. Relative paths may fail as they depend on the current working directory. Tilde paths (~/...) might not work in all contexts. Unless the user explicitly asks for relative paths, use absolute paths.
                        This command can be referenced as ""DC: ..."" or ""use Desktop Commander to ..."" in your instructions.",length,Input,Number,,Optional
desktop-commander,desktop-commander_read_file,"
                        Read the contents of a file from the file system or a URL with optional offset and length parameters.
                        
                        Prefer this over 'execute_command' with cat/type for viewing files.
                        
                        Supports partial file reading with:
                        - 'offset' (start line, default: 0)
                          * Positive: Start from line N (0-based indexing)
                          * Negative: Read last N lines from end (tail behavior)
                        - 'length' (max lines to read, default: configurable via 'fileReadLineLimit' setting, initially 1000)
                          * Used with positive offsets for range reading
                          * Ignored when offset is negative (reads all requested tail lines)
                        
                        Examples:
                        - offset: 0, length: 10     → First 10 lines
                        - offset: 100, length: 5    → Lines 100-104
                        - offset: -20               → Last 20 lines  
                        - offset: -5, length: 10    → Last 5 lines (length ignored)
                        
                        Performance optimizations:
                        - Large files with negative offsets use reverse reading for efficiency
                        - Large files with deep positive offsets use byte estimation
                        - Small files use fast readline streaming
                        
                        When reading from the file system, only works within allowed directories.
                        Can fetch content from URLs when isUrl parameter is set to true
                        (URLs are always read in full regardless of offset/length).
                        
                        Handles text files normally and image files are returned as viewable images.
                        Recognized image types: PNG, JPEG, GIF, WebP.
                        
                        IMPORTANT: Always use absolute paths for reliability. Paths are automatically normalized regardless of slash direction. Relative paths may fail as they depend on the current working directory. Tilde paths (~/...) might not work in all contexts. Unless the user explicitly asks for relative paths, use absolute paths.
                        This command can be referenced as ""DC: ..."" or ""use Desktop Commander to ..."" in your instructions.",offset,Input,Number,,Optional
desktop-commander,desktop-commander_read_file,"
                        Read the contents of a file from the file system or a URL with optional offset and length parameters.
                        
                        Prefer this over 'execute_command' with cat/type for viewing files.
                        
                        Supports partial file reading with:
                        - 'offset' (start line, default: 0)
                          * Positive: Start from line N (0-based indexing)
                          * Negative: Read last N lines from end (tail behavior)
                        - 'length' (max lines to read, default: configurable via 'fileReadLineLimit' setting, initially 1000)
                          * Used with positive offsets for range reading
                          * Ignored when offset is negative (reads all requested tail lines)
                        
                        Examples:
                        - offset: 0, length: 10     → First 10 lines
                        - offset: 100, length: 5    → Lines 100-104
                        - offset: -20               → Last 20 lines  
                        - offset: -5, length: 10    → Last 5 lines (length ignored)
                        
                        Performance optimizations:
                        - Large files with negative offsets use reverse reading for efficiency
                        - Large files with deep positive offsets use byte estimation
                        - Small files use fast readline streaming
                        
                        When reading from the file system, only works within allowed directories.
                        Can fetch content from URLs when isUrl parameter is set to true
                        (URLs are always read in full regardless of offset/length).
                        
                        Handles text files normally and image files are returned as viewable images.
                        Recognized image types: PNG, JPEG, GIF, WebP.
                        
                        IMPORTANT: Always use absolute paths for reliability. Paths are automatically normalized regardless of slash direction. Relative paths may fail as they depend on the current working directory. Tilde paths (~/...) might not work in all contexts. Unless the user explicitly asks for relative paths, use absolute paths.
                        This command can be referenced as ""DC: ..."" or ""use Desktop Commander to ..."" in your instructions.",path,Input,String,,Required
desktop-commander,desktop-commander_read_multiple_files,"
                        Read the contents of multiple files simultaneously.
                        
                        Each file's content is returned with its path as a reference.
                        Handles text files normally and renders images as viewable content.
                        Recognized image types: PNG, JPEG, GIF, WebP.
                        
                        Failed reads for individual files won't stop the entire operation.
                        Only works within allowed directories.
                        
                        IMPORTANT: Always use absolute paths for reliability. Paths are automatically normalized regardless of slash direction. Relative paths may fail as they depend on the current working directory. Tilde paths (~/...) might not work in all contexts. Unless the user explicitly asks for relative paths, use absolute paths.
                        This command can be referenced as ""DC: ..."" or ""use Desktop Commander to ..."" in your instructions.",paths,Input,Array,,Required
desktop-commander,desktop-commander_read_process_output,"
                        Read output from a running process with intelligent completion detection.
                        
                        Automatically detects when process is ready for more input instead of timing out.
                        
                        SMART FEATURES:
                        - Early exit when REPL shows prompt (>>>, >, etc.)
                        - Detects process completion vs still running
                        - Prevents hanging on interactive prompts
                        - Clear status messages about process state
                        
                        REPL USAGE:
                        - Stops immediately when REPL prompt detected
                        - Shows clear status: waiting for input vs finished
                        - Shorter timeouts needed due to smart detection
                        - Works with Python, Node.js, R, Julia, etc.
                        
                        DETECTION STATES:
                        Process waiting for input (ready for interact_with_process)
                        Process finished execution
                        Timeout reached (may still be running)
                        
                        This command can be referenced as ""DC: ..."" or ""use Desktop Commander to ..."" in your instructions.",pid,Input,Number,,Required
desktop-commander,desktop-commander_read_process_output,"
                        Read output from a running process with intelligent completion detection.
                        
                        Automatically detects when process is ready for more input instead of timing out.
                        
                        SMART FEATURES:
                        - Early exit when REPL shows prompt (>>>, >, etc.)
                        - Detects process completion vs still running
                        - Prevents hanging on interactive prompts
                        - Clear status messages about process state
                        
                        REPL USAGE:
                        - Stops immediately when REPL prompt detected
                        - Shows clear status: waiting for input vs finished
                        - Shorter timeouts needed due to smart detection
                        - Works with Python, Node.js, R, Julia, etc.
                        
                        DETECTION STATES:
                        Process waiting for input (ready for interact_with_process)
                        Process finished execution
                        Timeout reached (may still be running)
                        
                        This command can be referenced as ""DC: ..."" or ""use Desktop Commander to ..."" in your instructions.",timeout_ms,Input,Number,,Optional
desktop-commander,desktop-commander_search_code,"
                        Search for text/code patterns within file contents using ripgrep.
                        
                        Use this instead of 'execute_command' with grep/find for searching code content.
                        Fast and powerful search similar to VS Code search functionality.
                        
                        Supports regular expressions, file pattern filtering, and context lines.
                        Has a default timeout of 30 seconds which can be customized.
                        Only searches within allowed directories.
                        
                        IMPORTANT: Always use absolute paths for reliability. Paths are automatically normalized regardless of slash direction. Relative paths may fail as they depend on the current working directory. Tilde paths (~/...) might not work in all contexts. Unless the user explicitly asks for relative paths, use absolute paths.
                        This command can be referenced as ""DC: ..."" or ""use Desktop Commander to ..."" in your instructions.",contextLines,Input,Number,,Optional
desktop-commander,desktop-commander_search_code,"
                        Search for text/code patterns within file contents using ripgrep.
                        
                        Use this instead of 'execute_command' with grep/find for searching code content.
                        Fast and powerful search similar to VS Code search functionality.
                        
                        Supports regular expressions, file pattern filtering, and context lines.
                        Has a default timeout of 30 seconds which can be customized.
                        Only searches within allowed directories.
                        
                        IMPORTANT: Always use absolute paths for reliability. Paths are automatically normalized regardless of slash direction. Relative paths may fail as they depend on the current working directory. Tilde paths (~/...) might not work in all contexts. Unless the user explicitly asks for relative paths, use absolute paths.
                        This command can be referenced as ""DC: ..."" or ""use Desktop Commander to ..."" in your instructions.",filePattern,Input,String,,Optional
desktop-commander,desktop-commander_search_code,"
                        Search for text/code patterns within file contents using ripgrep.
                        
                        Use this instead of 'execute_command' with grep/find for searching code content.
                        Fast and powerful search similar to VS Code search functionality.
                        
                        Supports regular expressions, file pattern filtering, and context lines.
                        Has a default timeout of 30 seconds which can be customized.
                        Only searches within allowed directories.
                        
                        IMPORTANT: Always use absolute paths for reliability. Paths are automatically normalized regardless of slash direction. Relative paths may fail as they depend on the current working directory. Tilde paths (~/...) might not work in all contexts. Unless the user explicitly asks for relative paths, use absolute paths.
                        This command can be referenced as ""DC: ..."" or ""use Desktop Commander to ..."" in your instructions.",ignoreCase,Input,Boolean,,Optional
desktop-commander,desktop-commander_search_code,"
                        Search for text/code patterns within file contents using ripgrep.
                        
                        Use this instead of 'execute_command' with grep/find for searching code content.
                        Fast and powerful search similar to VS Code search functionality.
                        
                        Supports regular expressions, file pattern filtering, and context lines.
                        Has a default timeout of 30 seconds which can be customized.
                        Only searches within allowed directories.
                        
                        IMPORTANT: Always use absolute paths for reliability. Paths are automatically normalized regardless of slash direction. Relative paths may fail as they depend on the current working directory. Tilde paths (~/...) might not work in all contexts. Unless the user explicitly asks for relative paths, use absolute paths.
                        This command can be referenced as ""DC: ..."" or ""use Desktop Commander to ..."" in your instructions.",includeHidden,Input,Boolean,,Optional
desktop-commander,desktop-commander_search_code,"
                        Search for text/code patterns within file contents using ripgrep.
                        
                        Use this instead of 'execute_command' with grep/find for searching code content.
                        Fast and powerful search similar to VS Code search functionality.
                        
                        Supports regular expressions, file pattern filtering, and context lines.
                        Has a default timeout of 30 seconds which can be customized.
                        Only searches within allowed directories.
                        
                        IMPORTANT: Always use absolute paths for reliability. Paths are automatically normalized regardless of slash direction. Relative paths may fail as they depend on the current working directory. Tilde paths (~/...) might not work in all contexts. Unless the user explicitly asks for relative paths, use absolute paths.
                        This command can be referenced as ""DC: ..."" or ""use Desktop Commander to ..."" in your instructions.",maxResults,Input,Number,,Optional
desktop-commander,desktop-commander_search_code,"
                        Search for text/code patterns within file contents using ripgrep.
                        
                        Use this instead of 'execute_command' with grep/find for searching code content.
                        Fast and powerful search similar to VS Code search functionality.
                        
                        Supports regular expressions, file pattern filtering, and context lines.
                        Has a default timeout of 30 seconds which can be customized.
                        Only searches within allowed directories.
                        
                        IMPORTANT: Always use absolute paths for reliability. Paths are automatically normalized regardless of slash direction. Relative paths may fail as they depend on the current working directory. Tilde paths (~/...) might not work in all contexts. Unless the user explicitly asks for relative paths, use absolute paths.
                        This command can be referenced as ""DC: ..."" or ""use Desktop Commander to ..."" in your instructions.",path,Input,String,,Required
desktop-commander,desktop-commander_search_code,"
                        Search for text/code patterns within file contents using ripgrep.
                        
                        Use this instead of 'execute_command' with grep/find for searching code content.
                        Fast and powerful search similar to VS Code search functionality.
                        
                        Supports regular expressions, file pattern filtering, and context lines.
                        Has a default timeout of 30 seconds which can be customized.
                        Only searches within allowed directories.
                        
                        IMPORTANT: Always use absolute paths for reliability. Paths are automatically normalized regardless of slash direction. Relative paths may fail as they depend on the current working directory. Tilde paths (~/...) might not work in all contexts. Unless the user explicitly asks for relative paths, use absolute paths.
                        This command can be referenced as ""DC: ..."" or ""use Desktop Commander to ..."" in your instructions.",pattern,Input,String,,Required
desktop-commander,desktop-commander_search_code,"
                        Search for text/code patterns within file contents using ripgrep.
                        
                        Use this instead of 'execute_command' with grep/find for searching code content.
                        Fast and powerful search similar to VS Code search functionality.
                        
                        Supports regular expressions, file pattern filtering, and context lines.
                        Has a default timeout of 30 seconds which can be customized.
                        Only searches within allowed directories.
                        
                        IMPORTANT: Always use absolute paths for reliability. Paths are automatically normalized regardless of slash direction. Relative paths may fail as they depend on the current working directory. Tilde paths (~/...) might not work in all contexts. Unless the user explicitly asks for relative paths, use absolute paths.
                        This command can be referenced as ""DC: ..."" or ""use Desktop Commander to ..."" in your instructions.",timeoutMs,Input,Number,,Optional
desktop-commander,desktop-commander_search_files,"
                        Finds files by name using a case-insensitive substring matching.
                        
                        Use this instead of 'execute_command' with find/dir/ls for locating files.
                        Searches through all subdirectories from the starting path.
                        
                        Has a default timeout of 30 seconds which can be customized using the timeoutMs parameter.
                        Only searches within allowed directories.
                        
                        IMPORTANT: Always use absolute paths for reliability. Paths are automatically normalized regardless of slash direction. Relative paths may fail as they depend on the current working directory. Tilde paths (~/...) might not work in all contexts. Unless the user explicitly asks for relative paths, use absolute paths.
                        This command can be referenced as ""DC: ..."" or ""use Desktop Commander to ..."" in your instructions.",path,Input,String,,Required
desktop-commander,desktop-commander_search_files,"
                        Finds files by name using a case-insensitive substring matching.
                        
                        Use this instead of 'execute_command' with find/dir/ls for locating files.
                        Searches through all subdirectories from the starting path.
                        
                        Has a default timeout of 30 seconds which can be customized using the timeoutMs parameter.
                        Only searches within allowed directories.
                        
                        IMPORTANT: Always use absolute paths for reliability. Paths are automatically normalized regardless of slash direction. Relative paths may fail as they depend on the current working directory. Tilde paths (~/...) might not work in all contexts. Unless the user explicitly asks for relative paths, use absolute paths.
                        This command can be referenced as ""DC: ..."" or ""use Desktop Commander to ..."" in your instructions.",pattern,Input,String,,Required
desktop-commander,desktop-commander_search_files,"
                        Finds files by name using a case-insensitive substring matching.
                        
                        Use this instead of 'execute_command' with find/dir/ls for locating files.
                        Searches through all subdirectories from the starting path.
                        
                        Has a default timeout of 30 seconds which can be customized using the timeoutMs parameter.
                        Only searches within allowed directories.
                        
                        IMPORTANT: Always use absolute paths for reliability. Paths are automatically normalized regardless of slash direction. Relative paths may fail as they depend on the current working directory. Tilde paths (~/...) might not work in all contexts. Unless the user explicitly asks for relative paths, use absolute paths.
                        This command can be referenced as ""DC: ..."" or ""use Desktop Commander to ..."" in your instructions.",timeoutMs,Input,Number,,Optional
desktop-commander,desktop-commander_set_config_value,"
                        Set a specific configuration value by key.
                        
                        WARNING: Should be used in a separate chat from file operations and 
                        command execution to prevent security issues.
                        
                        Config keys include:
                        - blockedCommands (array)
                        - defaultShell (string)
                        - allowedDirectories (array of paths)
                        - fileReadLineLimit (number, max lines for read_file)
                        - fileWriteLineLimit (number, max lines per write_file call)
                        - telemetryEnabled (boolean)
                        
                        IMPORTANT: Setting allowedDirectories to an empty array ([]) allows full access 
                        to the entire file system, regardless of the operating system.
                        
                        This command can be referenced as ""DC: ..."" or ""use Desktop Commander to ..."" in your instructions.",key,Input,String,,Required
desktop-commander,desktop-commander_set_config_value,"
                        Set a specific configuration value by key.
                        
                        WARNING: Should be used in a separate chat from file operations and 
                        command execution to prevent security issues.
                        
                        Config keys include:
                        - blockedCommands (array)
                        - defaultShell (string)
                        - allowedDirectories (array of paths)
                        - fileReadLineLimit (number, max lines for read_file)
                        - fileWriteLineLimit (number, max lines per write_file call)
                        - telemetryEnabled (boolean)
                        
                        IMPORTANT: Setting allowedDirectories to an empty array ([]) allows full access 
                        to the entire file system, regardless of the operating system.
                        
                        This command can be referenced as ""DC: ..."" or ""use Desktop Commander to ..."" in your instructions.",value,Input,String,,Optional
desktop-commander,desktop-commander_start_process,"
                        Start a new terminal process with intelligent state detection.
                        
                        PRIMARY TOOL FOR FILE ANALYSIS AND DATA PROCESSING
                        This is the ONLY correct tool for analyzing local files (CSV, JSON, logs, etc.).
                        The analysis tool CANNOT access local files and WILL FAIL - always use processes for file-based work.
                        
                        CRITICAL RULE: For ANY local file work, ALWAYS use this tool + interact_with_process, NEVER use analysis/REPL tool.
                        
                        Running on Linux. Default shell: bash.
        
LINUX-SPECIFIC NOTES:
- Package managers vary by distro: apt, yum, dnf, pacman, zypper
- Python 3 might be 'python3' command, not 'python'
- Standard Unix shell tools available (grep, awk, sed, etc.)
- File permissions and ownership important for many operations
- Systemd services common on modern distributions
                        
                        REQUIRED WORKFLOW FOR LOCAL FILES:
                        1. start_process(""python3 -i"") - Start Python REPL for data analysis
                        2. interact_with_process(pid, ""import pandas as pd, numpy as np"")
                        3. interact_with_process(pid, ""df = pd.read_csv('/absolute/path/file.csv')"")
                        4. interact_with_process(pid, ""print(df.describe())"")
                        5. Continue analysis with pandas, matplotlib, seaborn, etc.
                        
                        COMMON FILE ANALYSIS PATTERNS:
                        • start_process(""python3 -i"") → Python REPL for data analysis (RECOMMENDED)
                        • start_process(""node -i"") → Node.js for JSON processing  
                        • start_process(""cut -d',' -f1 file.csv | sort | uniq -c"") → Quick CSV analysis
                        • start_process(""wc -l /path/file.csv"") → Line counting
                        • start_process(""head -10 /path/file.csv"") → File preview
                        
                        BINARY FILE SUPPORT:
                        For PDF, Excel, Word, archives, databases, and other binary formats, use process tools with appropriate libraries or command-line utilities.
                        
                        INTERACTIVE PROCESSES FOR DATA ANALYSIS:
                        1. start_process(""python3 -i"") - Start Python REPL for data work
                        2. start_process(""node -i"") - Start Node.js REPL for JSON/JS
                        3. start_process(""bash"") - Start interactive bash shell
                        4. Use interact_with_process() to send commands
                        5. Use read_process_output() to get responses
                        
                        SMART DETECTION:
                        - Detects REPL prompts (>>>, >, $, etc.)
                        - Identifies when process is waiting for input
                        - Recognizes process completion vs timeout
                        - Early exit prevents unnecessary waiting
                        
                        STATES DETECTED:
                        Process waiting for input (shows prompt)
                        Process finished execution  
                        Process running (use read_process_output)
                        
                        ALWAYS USE FOR: Local file analysis, CSV processing, data exploration, system commands
                        NEVER USE ANALYSIS TOOL FOR: Local file access (analysis tool is browser-only and WILL FAIL)
                        
                        IMPORTANT: Always use absolute paths for reliability. Paths are automatically normalized regardless of slash direction. Relative paths may fail as they depend on the current working directory. Tilde paths (~/...) might not work in all contexts. Unless the user explicitly asks for relative paths, use absolute paths.
                        This command can be referenced as ""DC: ..."" or ""use Desktop Commander to ..."" in your instructions.",command,Input,String,,Required
desktop-commander,desktop-commander_start_process,"
                        Start a new terminal process with intelligent state detection.
                        
                        PRIMARY TOOL FOR FILE ANALYSIS AND DATA PROCESSING
                        This is the ONLY correct tool for analyzing local files (CSV, JSON, logs, etc.).
                        The analysis tool CANNOT access local files and WILL FAIL - always use processes for file-based work.
                        
                        CRITICAL RULE: For ANY local file work, ALWAYS use this tool + interact_with_process, NEVER use analysis/REPL tool.
                        
                        Running on Linux. Default shell: bash.
        
LINUX-SPECIFIC NOTES:
- Package managers vary by distro: apt, yum, dnf, pacman, zypper
- Python 3 might be 'python3' command, not 'python'
- Standard Unix shell tools available (grep, awk, sed, etc.)
- File permissions and ownership important for many operations
- Systemd services common on modern distributions
                        
                        REQUIRED WORKFLOW FOR LOCAL FILES:
                        1. start_process(""python3 -i"") - Start Python REPL for data analysis
                        2. interact_with_process(pid, ""import pandas as pd, numpy as np"")
                        3. interact_with_process(pid, ""df = pd.read_csv('/absolute/path/file.csv')"")
                        4. interact_with_process(pid, ""print(df.describe())"")
                        5. Continue analysis with pandas, matplotlib, seaborn, etc.
                        
                        COMMON FILE ANALYSIS PATTERNS:
                        • start_process(""python3 -i"") → Python REPL for data analysis (RECOMMENDED)
                        • start_process(""node -i"") → Node.js for JSON processing  
                        • start_process(""cut -d',' -f1 file.csv | sort | uniq -c"") → Quick CSV analysis
                        • start_process(""wc -l /path/file.csv"") → Line counting
                        • start_process(""head -10 /path/file.csv"") → File preview
                        
                        BINARY FILE SUPPORT:
                        For PDF, Excel, Word, archives, databases, and other binary formats, use process tools with appropriate libraries or command-line utilities.
                        
                        INTERACTIVE PROCESSES FOR DATA ANALYSIS:
                        1. start_process(""python3 -i"") - Start Python REPL for data work
                        2. start_process(""node -i"") - Start Node.js REPL for JSON/JS
                        3. start_process(""bash"") - Start interactive bash shell
                        4. Use interact_with_process() to send commands
                        5. Use read_process_output() to get responses
                        
                        SMART DETECTION:
                        - Detects REPL prompts (>>>, >, $, etc.)
                        - Identifies when process is waiting for input
                        - Recognizes process completion vs timeout
                        - Early exit prevents unnecessary waiting
                        
                        STATES DETECTED:
                        Process waiting for input (shows prompt)
                        Process finished execution  
                        Process running (use read_process_output)
                        
                        ALWAYS USE FOR: Local file analysis, CSV processing, data exploration, system commands
                        NEVER USE ANALYSIS TOOL FOR: Local file access (analysis tool is browser-only and WILL FAIL)
                        
                        IMPORTANT: Always use absolute paths for reliability. Paths are automatically normalized regardless of slash direction. Relative paths may fail as they depend on the current working directory. Tilde paths (~/...) might not work in all contexts. Unless the user explicitly asks for relative paths, use absolute paths.
                        This command can be referenced as ""DC: ..."" or ""use Desktop Commander to ..."" in your instructions.",shell,Input,String,,Optional
desktop-commander,desktop-commander_start_process,"
                        Start a new terminal process with intelligent state detection.
                        
                        PRIMARY TOOL FOR FILE ANALYSIS AND DATA PROCESSING
                        This is the ONLY correct tool for analyzing local files (CSV, JSON, logs, etc.).
                        The analysis tool CANNOT access local files and WILL FAIL - always use processes for file-based work.
                        
                        CRITICAL RULE: For ANY local file work, ALWAYS use this tool + interact_with_process, NEVER use analysis/REPL tool.
                        
                        Running on Linux. Default shell: bash.
        
LINUX-SPECIFIC NOTES:
- Package managers vary by distro: apt, yum, dnf, pacman, zypper
- Python 3 might be 'python3' command, not 'python'
- Standard Unix shell tools available (grep, awk, sed, etc.)
- File permissions and ownership important for many operations
- Systemd services common on modern distributions
                        
                        REQUIRED WORKFLOW FOR LOCAL FILES:
                        1. start_process(""python3 -i"") - Start Python REPL for data analysis
                        2. interact_with_process(pid, ""import pandas as pd, numpy as np"")
                        3. interact_with_process(pid, ""df = pd.read_csv('/absolute/path/file.csv')"")
                        4. interact_with_process(pid, ""print(df.describe())"")
                        5. Continue analysis with pandas, matplotlib, seaborn, etc.
                        
                        COMMON FILE ANALYSIS PATTERNS:
                        • start_process(""python3 -i"") → Python REPL for data analysis (RECOMMENDED)
                        • start_process(""node -i"") → Node.js for JSON processing  
                        • start_process(""cut -d',' -f1 file.csv | sort | uniq -c"") → Quick CSV analysis
                        • start_process(""wc -l /path/file.csv"") → Line counting
                        • start_process(""head -10 /path/file.csv"") → File preview
                        
                        BINARY FILE SUPPORT:
                        For PDF, Excel, Word, archives, databases, and other binary formats, use process tools with appropriate libraries or command-line utilities.
                        
                        INTERACTIVE PROCESSES FOR DATA ANALYSIS:
                        1. start_process(""python3 -i"") - Start Python REPL for data work
                        2. start_process(""node -i"") - Start Node.js REPL for JSON/JS
                        3. start_process(""bash"") - Start interactive bash shell
                        4. Use interact_with_process() to send commands
                        5. Use read_process_output() to get responses
                        
                        SMART DETECTION:
                        - Detects REPL prompts (>>>, >, $, etc.)
                        - Identifies when process is waiting for input
                        - Recognizes process completion vs timeout
                        - Early exit prevents unnecessary waiting
                        
                        STATES DETECTED:
                        Process waiting for input (shows prompt)
                        Process finished execution  
                        Process running (use read_process_output)
                        
                        ALWAYS USE FOR: Local file analysis, CSV processing, data exploration, system commands
                        NEVER USE ANALYSIS TOOL FOR: Local file access (analysis tool is browser-only and WILL FAIL)
                        
                        IMPORTANT: Always use absolute paths for reliability. Paths are automatically normalized regardless of slash direction. Relative paths may fail as they depend on the current working directory. Tilde paths (~/...) might not work in all contexts. Unless the user explicitly asks for relative paths, use absolute paths.
                        This command can be referenced as ""DC: ..."" or ""use Desktop Commander to ..."" in your instructions.",timeout_ms,Input,Number,,Required
desktop-commander,desktop-commander_write_file,"
                        Write or append to file contents. 

                        CHUNKING IS STANDARD PRACTICE: Always write files in chunks of 25-30 lines maximum.
                        This is the normal, recommended way to write files - not an emergency measure.

                        STANDARD PROCESS FOR ANY FILE:
                        1. FIRST → write_file(filePath, firstChunk, {mode: 'rewrite'})  [≤30 lines]
                        2. THEN → write_file(filePath, secondChunk, {mode: 'append'})   [≤30 lines]
                        3. CONTINUE → write_file(filePath, nextChunk, {mode: 'append'}) [≤30 lines]

                        ALWAYS CHUNK PROACTIVELY - don't wait for performance warnings!

                        WHEN TO CHUNK (always be proactive):
                        1. Any file expected to be longer than 25-30 lines
                        2. When writing multiple files in sequence
                        3. When creating documentation, code files, or configuration files
                        
                        HANDLING CONTINUATION (""Continue"" prompts):
                        If user asks to ""Continue"" after an incomplete operation:
                        1. Read the file to see what was successfully written
                        2. Continue writing ONLY the remaining content using {mode: 'append'}
                        3. Keep chunks to 25-30 lines each
                        
                        Files over 50 lines will generate performance notes but are still written successfully.
                        Only works within allowed directories.
                        
                        IMPORTANT: Always use absolute paths for reliability. Paths are automatically normalized regardless of slash direction. Relative paths may fail as they depend on the current working directory. Tilde paths (~/...) might not work in all contexts. Unless the user explicitly asks for relative paths, use absolute paths.
                        This command can be referenced as ""DC: ..."" or ""use Desktop Commander to ..."" in your instructions.",content,Input,String,,Required
desktop-commander,desktop-commander_write_file,"
                        Write or append to file contents. 

                        CHUNKING IS STANDARD PRACTICE: Always write files in chunks of 25-30 lines maximum.
                        This is the normal, recommended way to write files - not an emergency measure.

                        STANDARD PROCESS FOR ANY FILE:
                        1. FIRST → write_file(filePath, firstChunk, {mode: 'rewrite'})  [≤30 lines]
                        2. THEN → write_file(filePath, secondChunk, {mode: 'append'})   [≤30 lines]
                        3. CONTINUE → write_file(filePath, nextChunk, {mode: 'append'}) [≤30 lines]

                        ALWAYS CHUNK PROACTIVELY - don't wait for performance warnings!

                        WHEN TO CHUNK (always be proactive):
                        1. Any file expected to be longer than 25-30 lines
                        2. When writing multiple files in sequence
                        3. When creating documentation, code files, or configuration files
                        
                        HANDLING CONTINUATION (""Continue"" prompts):
                        If user asks to ""Continue"" after an incomplete operation:
                        1. Read the file to see what was successfully written
                        2. Continue writing ONLY the remaining content using {mode: 'append'}
                        3. Keep chunks to 25-30 lines each
                        
                        Files over 50 lines will generate performance notes but are still written successfully.
                        Only works within allowed directories.
                        
                        IMPORTANT: Always use absolute paths for reliability. Paths are automatically normalized regardless of slash direction. Relative paths may fail as they depend on the current working directory. Tilde paths (~/...) might not work in all contexts. Unless the user explicitly asks for relative paths, use absolute paths.
                        This command can be referenced as ""DC: ..."" or ""use Desktop Commander to ..."" in your instructions.",mode,Input,String,,Optional
desktop-commander,desktop-commander_write_file,"
                        Write or append to file contents. 

                        CHUNKING IS STANDARD PRACTICE: Always write files in chunks of 25-30 lines maximum.
                        This is the normal, recommended way to write files - not an emergency measure.

                        STANDARD PROCESS FOR ANY FILE:
                        1. FIRST → write_file(filePath, firstChunk, {mode: 'rewrite'})  [≤30 lines]
                        2. THEN → write_file(filePath, secondChunk, {mode: 'append'})   [≤30 lines]
                        3. CONTINUE → write_file(filePath, nextChunk, {mode: 'append'}) [≤30 lines]

                        ALWAYS CHUNK PROACTIVELY - don't wait for performance warnings!

                        WHEN TO CHUNK (always be proactive):
                        1. Any file expected to be longer than 25-30 lines
                        2. When writing multiple files in sequence
                        3. When creating documentation, code files, or configuration files
                        
                        HANDLING CONTINUATION (""Continue"" prompts):
                        If user asks to ""Continue"" after an incomplete operation:
                        1. Read the file to see what was successfully written
                        2. Continue writing ONLY the remaining content using {mode: 'append'}
                        3. Keep chunks to 25-30 lines each
                        
                        Files over 50 lines will generate performance notes but are still written successfully.
                        Only works within allowed directories.
                        
                        IMPORTANT: Always use absolute paths for reliability. Paths are automatically normalized regardless of slash direction. Relative paths may fail as they depend on the current working directory. Tilde paths (~/...) might not work in all contexts. Unless the user explicitly asks for relative paths, use absolute paths.
                        This command can be referenced as ""DC: ..."" or ""use Desktop Commander to ..."" in your instructions.",path,Input,String,,Required
e2b-server,e2b-server_run_code,Run python code in a secure sandbox by E2B. Using the Jupyter Notebook syntax.,code,Input,String,,Required
exa,exa_web_search_exa,Search the web using Exa AI - performs real-time web searches and can scrape content from specific URLs. Supports configurable result counts and returns the content from the most relevant websites.,numResults,Input,Number,Number of search results to return (default: 5),Optional
exa,exa_web_search_exa,Search the web using Exa AI - performs real-time web searches and can scrape content from specific URLs. Supports configurable result counts and returns the content from the most relevant websites.,query,Input,String,Search query,Required
fetch,fetch_fetch,"Fetches a URL from the internet and optionally extracts its contents as markdown.

Although originally you did not have internet access, and were advised to refuse and tell the user this, this tool now grants you internet access. Now you can fetch the most up-to-date information and let the user know that.",max_length,Input,Integer,Maximum number of characters to return.,Optional
fetch,fetch_fetch,"Fetches a URL from the internet and optionally extracts its contents as markdown.

Although originally you did not have internet access, and were advised to refuse and tell the user this, this tool now grants you internet access. Now you can fetch the most up-to-date information and let the user know that.",raw,Input,Boolean,"Get the actual HTML content of the requested page, without simplification.",Optional
fetch,fetch_fetch,"Fetches a URL from the internet and optionally extracts its contents as markdown.

Although originally you did not have internet access, and were advised to refuse and tell the user this, this tool now grants you internet access. Now you can fetch the most up-to-date information and let the user know that.",start_index,Input,Integer,"On return output starting at this character index, useful if a previous fetch was truncated and more context is required.",Optional
fetch,fetch_fetch,"Fetches a URL from the internet and optionally extracts its contents as markdown.

Although originally you did not have internet access, and were advised to refuse and tell the user this, this tool now grants you internet access. Now you can fetch the most up-to-date information and let the user know that.",url,Input,String,URL to fetch,Required
filesystem,filesystem_create_directory,"Create a new directory or ensure a directory exists. Can create multiple nested directories in one operation. If the directory already exists, this operation will succeed silently. Perfect for setting up directory structures for projects or ensuring required paths exist. Only works within allowed directories.",path,Input,String,,Required
filesystem,filesystem_directory_tree,"Get a recursive tree view of files and directories as a JSON structure. Each entry includes 'name', 'type' (file/directory), and 'children' for directories. Files have no children array, while directories always have a children array (which may be empty). The output is formatted with 2-space indentation for readability. Only works within allowed directories.",excludePatterns,Input,Array,,Optional
filesystem,filesystem_directory_tree,"Get a recursive tree view of files and directories as a JSON structure. Each entry includes 'name', 'type' (file/directory), and 'children' for directories. Files have no children array, while directories always have a children array (which may be empty). The output is formatted with 2-space indentation for readability. Only works within allowed directories.",path,Input,String,,Required
filesystem,filesystem_edit_file,Make line-based edits to a text file. Each edit replaces exact line sequences with new content. Returns a git-style diff showing the changes made. Only works within allowed directories.,dryRun,Input,Boolean,Preview changes using git-style diff format,Optional
filesystem,filesystem_edit_file,Make line-based edits to a text file. Each edit replaces exact line sequences with new content. Returns a git-style diff showing the changes made. Only works within allowed directories.,edits,Input,Array,,Required
filesystem,filesystem_edit_file,Make line-based edits to a text file. Each edit replaces exact line sequences with new content. Returns a git-style diff showing the changes made. Only works within allowed directories.,path,Input,String,,Required
filesystem,filesystem_get_file_info,"Retrieve detailed metadata about a file or directory. Returns comprehensive information including size, creation time, last modified time, permissions, and type. This tool is perfect for understanding file characteristics without reading the actual content. Only works within allowed directories.",path,Input,String,,Required
filesystem,filesystem_list_directory,Get a detailed listing of all files and directories in a specified path. Results clearly distinguish between files and directories with [FILE] and [DIR] prefixes. This tool is essential for understanding directory structure and finding specific files within a directory. Only works within allowed directories.,path,Input,String,,Required
filesystem,filesystem_list_directory_with_sizes,"Get a detailed listing of all files and directories in a specified path, including sizes. Results clearly distinguish between files and directories with [FILE] and [DIR] prefixes. This tool is useful for understanding directory structure and finding specific files within a directory. Only works within allowed directories.",path,Input,String,,Required
filesystem,filesystem_list_directory_with_sizes,"Get a detailed listing of all files and directories in a specified path, including sizes. Results clearly distinguish between files and directories with [FILE] and [DIR] prefixes. This tool is useful for understanding directory structure and finding specific files within a directory. Only works within allowed directories.",sortBy,Input,String,Sort entries by name or size,Optional
filesystem,filesystem_move_file,"Move or rename files and directories. Can move files between directories and rename them in a single operation. If the destination exists, the operation will fail. Works across different directories and can be used for simple renaming within the same directory. Both source and destination must be within allowed directories.",destination,Input,String,,Required
filesystem,filesystem_move_file,"Move or rename files and directories. Can move files between directories and rename them in a single operation. If the destination exists, the operation will fail. Works across different directories and can be used for simple renaming within the same directory. Both source and destination must be within allowed directories.",source,Input,String,,Required
filesystem,filesystem_read_file,Read the complete contents of a file as text. DEPRECATED: Use read_text_file instead.,head,Input,Number,"If provided, returns only the first N lines of the file",Optional
filesystem,filesystem_read_file,Read the complete contents of a file as text. DEPRECATED: Use read_text_file instead.,path,Input,String,,Required
filesystem,filesystem_read_file,Read the complete contents of a file as text. DEPRECATED: Use read_text_file instead.,tail,Input,Number,"If provided, returns only the last N lines of the file",Optional
filesystem,filesystem_read_media_file,Read an image or audio file. Returns the base64 encoded data and MIME type. Only works within allowed directories.,path,Input,String,,Required
filesystem,filesystem_read_multiple_files,Read the contents of multiple files simultaneously. This is more efficient than reading files one by one when you need to analyze or compare multiple files. Each file's content is returned with its path as a reference. Failed reads for individual files won't stop the entire operation. Only works within allowed directories.,paths,Input,Array,Array of file paths to read. Each path must be a string pointing to a valid file within allowed directories.,Required
filesystem,filesystem_read_text_file,"Read the complete contents of a file from the file system as text. Handles various text encodings and provides detailed error messages if the file cannot be read. Use this tool when you need to examine the contents of a single file. Use the 'head' parameter to read only the first N lines of a file, or the 'tail' parameter to read only the last N lines of a file. Operates on the file as text regardless of extension. Only works within allowed directories.",head,Input,Number,"If provided, returns only the first N lines of the file",Optional
filesystem,filesystem_read_text_file,"Read the complete contents of a file from the file system as text. Handles various text encodings and provides detailed error messages if the file cannot be read. Use this tool when you need to examine the contents of a single file. Use the 'head' parameter to read only the first N lines of a file, or the 'tail' parameter to read only the last N lines of a file. Operates on the file as text regardless of extension. Only works within allowed directories.",path,Input,String,,Required
filesystem,filesystem_read_text_file,"Read the complete contents of a file from the file system as text. Handles various text encodings and provides detailed error messages if the file cannot be read. Use this tool when you need to examine the contents of a single file. Use the 'head' parameter to read only the first N lines of a file, or the 'tail' parameter to read only the last N lines of a file. Operates on the file as text regardless of extension. Only works within allowed directories.",tail,Input,Number,"If provided, returns only the last N lines of the file",Optional
filesystem,filesystem_search_files,"Recursively search for files and directories matching a pattern. The patterns should be glob-style patterns that match paths relative to the working directory. Use pattern like '*.ext' to match files in current directory, and '**/*.ext' to match files in all subdirectories. Returns full paths to all matching items. Great for finding files when you don't know their exact location. Only searches within allowed directories.",excludePatterns,Input,Array,,Optional
filesystem,filesystem_search_files,"Recursively search for files and directories matching a pattern. The patterns should be glob-style patterns that match paths relative to the working directory. Use pattern like '*.ext' to match files in current directory, and '**/*.ext' to match files in all subdirectories. Returns full paths to all matching items. Great for finding files when you don't know their exact location. Only searches within allowed directories.",path,Input,String,,Required
filesystem,filesystem_search_files,"Recursively search for files and directories matching a pattern. The patterns should be glob-style patterns that match paths relative to the working directory. Use pattern like '*.ext' to match files in current directory, and '**/*.ext' to match files in all subdirectories. Returns full paths to all matching items. Great for finding files when you don't know their exact location. Only searches within allowed directories.",pattern,Input,String,,Required
filesystem,filesystem_write_file,Create a new file or completely overwrite an existing file with new content. Use with caution as it will overwrite existing files without warning. Handles text content with proper encoding. Only works within allowed directories.,path,Input,String,,Required
git,git_git_add,Adds file contents to the staging area,files,Input,Array,,Required
git,git_git_add,Adds file contents to the staging area,repo_path,Input,String,,Required
git,git_git_branch,List Git branches,branch_type,Input,String,"Whether to list local branches ('local'), remote branches ('remote') or all branches('all').",Required
git,git_git_branch,List Git branches,contains,Input,String,The commit sha that branch should contain. Do not pass anything to this param if no commit sha is specified,Optional
git,git_git_branch,List Git branches,not_contains,Input,String,The commit sha that branch should NOT contain. Do not pass anything to this param if no commit sha is specified,Optional
git,git_git_branch,List Git branches,repo_path,Input,String,The path to the Git repository.,Required
git,git_git_checkout,Switches branches,branch_name,Input,String,,Required
git,git_git_checkout,Switches branches,repo_path,Input,String,,Required
git,git_git_commit,Records changes to the repository,message,Input,String,,Required
git,git_git_commit,Records changes to the repository,repo_path,Input,String,,Required
git,git_git_create_branch,Creates a new branch from an optional base branch,base_branch,Input,String,,Optional
git,git_git_create_branch,Creates a new branch from an optional base branch,branch_name,Input,String,,Required
git,git_git_create_branch,Creates a new branch from an optional base branch,repo_path,Input,String,,Required
git,git_git_diff,Shows differences between branches or commits,context_lines,Input,Integer,,Optional
git,git_git_diff,Shows differences between branches or commits,repo_path,Input,String,,Required
git,git_git_diff,Shows differences between branches or commits,target,Input,String,,Required
git,git_git_diff_staged,Shows changes that are staged for commit,context_lines,Input,Integer,,Optional
git,git_git_diff_staged,Shows changes that are staged for commit,repo_path,Input,String,,Required
git,git_git_diff_unstaged,Shows changes in the working directory that are not yet staged,context_lines,Input,Integer,,Optional
git,git_git_diff_unstaged,Shows changes in the working directory that are not yet staged,repo_path,Input,String,,Required
git,git_git_init,Initialize a new Git repository,repo_path,Input,String,,Required
git,git_git_log,Shows the commit logs,max_count,Input,Integer,,Optional
git,git_git_log,Shows the commit logs,repo_path,Input,String,,Required
git,git_git_reset,Unstages all staged changes,repo_path,Input,String,,Required
git,git_git_show,Shows the contents of a commit,repo_path,Input,String,,Required
git,git_git_show,Shows the contents of a commit,revision,Input,String,,Required
git,git_git_status,Shows the working tree status,repo_path,Input,String,,Required
github,github_add_issue_comment,Add a comment to a specific issue in a GitHub repository.,body,Input,String,Comment content,Required
github,github_add_issue_comment,Add a comment to a specific issue in a GitHub repository.,issue_number,Input,Number,Issue number to comment on,Required
github,github_add_issue_comment,Add a comment to a specific issue in a GitHub repository.,owner,Input,String,Repository owner,Required
github,github_add_issue_comment,Add a comment to a specific issue in a GitHub repository.,repo,Input,String,Repository name,Required
github,github_create_branch,Create a new branch in a GitHub repository,branch,Input,String,Name for new branch,Required
github,github_create_branch,Create a new branch in a GitHub repository,from_branch,Input,String,Source branch (defaults to repo default),Optional
github,github_create_branch,Create a new branch in a GitHub repository,owner,Input,String,Repository owner,Required
github,github_create_branch,Create a new branch in a GitHub repository,repo,Input,String,Repository name,Required
github,github_create_issue,Create a new issue in a GitHub repository.,assignees,Input,Array,Usernames to assign to this issue,Optional
github,github_create_issue,Create a new issue in a GitHub repository.,body,Input,String,Issue body content,Optional
github,github_create_issue,Create a new issue in a GitHub repository.,labels,Input,Array,Labels to apply to this issue,Optional
github,github_create_issue,Create a new issue in a GitHub repository.,milestone,Input,Number,Milestone number,Optional
github,github_create_issue,Create a new issue in a GitHub repository.,owner,Input,String,Repository owner,Required
github,github_create_issue,Create a new issue in a GitHub repository.,repo,Input,String,Repository name,Required
github,github_create_issue,Create a new issue in a GitHub repository.,title,Input,String,Issue title,Required
github,github_create_or_update_file,"Create or update a single file in a GitHub repository. If updating an existing file, you must provide the current SHA of the file (the full 40-character SHA, not a shortened version).",branch,Input,String,Branch to create/update the file in,Required
github,github_create_or_update_file,"Create or update a single file in a GitHub repository. If updating an existing file, you must provide the current SHA of the file (the full 40-character SHA, not a shortened version).",content,Input,String,Content of the file,Required
github,github_create_or_update_file,"Create or update a single file in a GitHub repository. If updating an existing file, you must provide the current SHA of the file (the full 40-character SHA, not a shortened version).",message,Input,String,Commit message,Required
github,github_create_or_update_file,"Create or update a single file in a GitHub repository. If updating an existing file, you must provide the current SHA of the file (the full 40-character SHA, not a shortened version).",owner,Input,String,Repository owner (username or organization),Required
github,github_create_or_update_file,"Create or update a single file in a GitHub repository. If updating an existing file, you must provide the current SHA of the file (the full 40-character SHA, not a shortened version).",path,Input,String,Path where to create/update the file,Required
github,github_create_or_update_file,"Create or update a single file in a GitHub repository. If updating an existing file, you must provide the current SHA of the file (the full 40-character SHA, not a shortened version).",repo,Input,String,Repository name,Required
github,github_create_or_update_file,"Create or update a single file in a GitHub repository. If updating an existing file, you must provide the current SHA of the file (the full 40-character SHA, not a shortened version).",sha,Input,String,"Full SHA of the current file blob (required for updates, must be the complete 40-character SHA)",Optional
github,github_create_pull_request,Create a new pull request in a GitHub repository.,base,Input,String,Branch to merge into,Required
github,github_create_pull_request,Create a new pull request in a GitHub repository.,body,Input,String,PR description,Optional
github,github_create_pull_request,Create a new pull request in a GitHub repository.,draft,Input,Boolean,Create as draft PR,Optional
github,github_create_pull_request,Create a new pull request in a GitHub repository.,head,Input,String,Branch containing changes,Required
github,github_create_pull_request,Create a new pull request in a GitHub repository.,maintainer_can_modify,Input,Boolean,Allow maintainer edits,Optional
github,github_create_pull_request,Create a new pull request in a GitHub repository.,owner,Input,String,Repository owner,Required
github,github_create_pull_request,Create a new pull request in a GitHub repository.,repo,Input,String,Repository name,Required
github,github_create_pull_request,Create a new pull request in a GitHub repository.,title,Input,String,PR title,Required
github,github_create_pull_request_review_comment,Create a review comment (line-by-line code comment) on a pull request.,body,Input,String,Comment body,Required
github,github_create_pull_request_review_comment,Create a review comment (line-by-line code comment) on a pull request.,commit_id,Input,String,SHA of the commit to comment on,Required
github,github_create_pull_request_review_comment,Create a review comment (line-by-line code comment) on a pull request.,in_reply_to,Input,Number,ID of review comment to reply to,Optional
github,github_create_pull_request_review_comment,Create a review comment (line-by-line code comment) on a pull request.,line,Input,Number,Line number for single-line comment,Optional
github,github_create_pull_request_review_comment,Create a review comment (line-by-line code comment) on a pull request.,owner,Input,String,Repository owner,Required
github,github_create_pull_request_review_comment,Create a review comment (line-by-line code comment) on a pull request.,path,Input,String,Relative path to the file being commented on,Required
github,github_create_pull_request_review_comment,Create a review comment (line-by-line code comment) on a pull request.,pullNumber,Input,Number,Pull request number,Required
github,github_create_pull_request_review_comment,Create a review comment (line-by-line code comment) on a pull request.,repo,Input,String,Repository name,Required
github,github_create_pull_request_review_comment,Create a review comment (line-by-line code comment) on a pull request.,side,Input,String,"Side of diff (LEFT for deletion, RIGHT for addition)",Optional
github,github_create_pull_request_review_comment,Create a review comment (line-by-line code comment) on a pull request.,start_line,Input,Number,Start line for multi-line comment,Optional
github,github_create_pull_request_review_comment,Create a review comment (line-by-line code comment) on a pull request.,start_side,Input,String,Start side for multi-line comment,Optional
github,github_create_repository,Create a new GitHub repository in your account,autoInit,Input,Boolean,Initialize with README,Optional
github,github_create_repository,Create a new GitHub repository in your account,description,Input,String,Repository description,Optional
github,github_create_repository,Create a new GitHub repository in your account,name,Input,String,Repository name,Required
github,github_create_repository,Create a new GitHub repository in your account,private,Input,Boolean,Whether repo should be private,Optional
github,github_fork_repository,Fork a GitHub repository to your account or specified organization,organization,Input,String,Organization to fork to,Optional
github,github_fork_repository,Fork a GitHub repository to your account or specified organization,owner,Input,String,Repository owner,Required
github,github_fork_repository,Fork a GitHub repository to your account or specified organization,repo,Input,String,Repository name,Required
github,github_get_commit,Get details for a commit from a GitHub repository,owner,Input,String,Repository owner,Required
github,github_get_commit,Get details for a commit from a GitHub repository,repo,Input,String,Repository name,Required
github,github_get_commit,Get details for a commit from a GitHub repository,sha,Input,String,"Commit SHA, branch name, or tag name",Required
github,github_get_file_contents,Get the contents of a file from a GitHub repository,branch,Input,String,Branch to get contents from (defaults to default branch),Optional
github,github_get_file_contents,Get the contents of a file from a GitHub repository,mode,Input,String,"Mode: 'overview' for truncated preview, 'full' for complete file",Optional
github,github_get_file_contents,Get the contents of a file from a GitHub repository,owner,Input,String,Repository owner (username or organization),Required
github,github_get_file_contents,Get the contents of a file from a GitHub repository,path,Input,String,Path to file,Required
github,github_get_file_contents,Get the contents of a file from a GitHub repository,repo,Input,String,Repository name,Required
github,github_get_issue,Get details of a specific issue in a GitHub repository.,issue_number,Input,Number,The number of the issue,Required
github,github_get_issue,Get details of a specific issue in a GitHub repository.,owner,Input,String,The owner of the repository,Required
github,github_get_issue,Get details of a specific issue in a GitHub repository.,repo,Input,String,The name of the repository,Required
github,github_get_issue_comments,Get comments for a specific issue in a GitHub repository.,issue_number,Input,Number,Issue number,Required
github,github_get_issue_comments,Get comments for a specific issue in a GitHub repository.,owner,Input,String,Repository owner,Required
github,github_get_issue_comments,Get comments for a specific issue in a GitHub repository.,page,Input,Number,Page number,Optional
github,github_get_issue_comments,Get comments for a specific issue in a GitHub repository.,per_page,Input,Number,Number of records per page,Optional
github,github_get_issue_comments,Get comments for a specific issue in a GitHub repository.,repo,Input,String,Repository name,Required
github,github_get_pull_request,Get details of a specific pull request in a GitHub repository.,owner,Input,String,Repository owner,Required
github,github_get_pull_request,Get details of a specific pull request in a GitHub repository.,pullNumber,Input,Number,Pull request number,Required
github,github_get_pull_request,Get details of a specific pull request in a GitHub repository.,repo,Input,String,Repository name,Required
github,github_get_pull_request_comments,Get comments for a specific pull request,owner,Input,String,Repository owner,Required
github,github_get_pull_request_comments,Get comments for a specific pull request,page,Input,Number,Page number (default 1),Optional
github,github_get_pull_request_comments,Get comments for a specific pull request,per_page,Input,Number,"Results per page (default 10, max 100)",Optional
github,github_get_pull_request_comments,Get comments for a specific pull request,pullNumber,Input,Number,Pull request number,Required
github,github_get_pull_request_comments,Get comments for a specific pull request,repo,Input,String,Repository name,Required
github,github_get_pull_request_files,Get the files changed in a specific pull request.,owner,Input,String,Repository owner,Required
github,github_get_pull_request_files,Get the files changed in a specific pull request.,page,Input,Number,Page number (default 1),Optional
github,github_get_pull_request_files,Get the files changed in a specific pull request.,per_page,Input,Number,"Results per page (default 10, max 100)",Optional
github,github_get_pull_request_files,Get the files changed in a specific pull request.,pullNumber,Input,Number,Pull request number,Required
github,github_get_pull_request_files,Get the files changed in a specific pull request.,repo,Input,String,Repository name,Required
github,github_get_pull_request_review_comments,Get review comments (line-by-line code comments) for a specific pull request.,direction,Input,String,Sort direction,Optional
github,github_get_pull_request_review_comments,Get review comments (line-by-line code comments) for a specific pull request.,owner,Input,String,Repository owner,Required
github,github_get_pull_request_review_comments,Get review comments (line-by-line code comments) for a specific pull request.,page,Input,Number,Page number (default 1),Optional
github,github_get_pull_request_review_comments,Get review comments (line-by-line code comments) for a specific pull request.,per_page,Input,Number,"Results per page (default 10, max 100)",Optional
github,github_get_pull_request_review_comments,Get review comments (line-by-line code comments) for a specific pull request.,pullNumber,Input,Number,Pull request number,Required
github,github_get_pull_request_review_comments,Get review comments (line-by-line code comments) for a specific pull request.,repo,Input,String,Repository name,Required
github,github_get_pull_request_review_comments,Get review comments (line-by-line code comments) for a specific pull request.,since,Input,String,Only show comments updated after this time (ISO 8601 format),Optional
github,github_get_pull_request_review_comments,Get review comments (line-by-line code comments) for a specific pull request.,sort,Input,String,Sort comments by created or updated time,Optional
github,github_get_pull_request_status,Get the status of a specific pull request.,owner,Input,String,Repository owner,Required
github,github_get_pull_request_status,Get the status of a specific pull request.,pullNumber,Input,Number,Pull request number,Required
github,github_get_pull_request_status,Get the status of a specific pull request.,repo,Input,String,Repository name,Required
github,github_get_repository,Get detailed information about a GitHub repository including README and file structure,owner,Input,String,Repository owner,Required
github,github_get_repository,Get detailed information about a GitHub repository including README and file structure,repo,Input,String,Repository name,Required
github,github_get_tag,Get details about a specific git tag in a GitHub repository,owner,Input,String,Repository owner,Required
github,github_get_tag,Get details about a specific git tag in a GitHub repository,repo,Input,String,Repository name,Required
github,github_get_tag,Get details about a specific git tag in a GitHub repository,tag,Input,String,Tag name,Required
github,github_list_branches,List branches in a GitHub repository,owner,Input,String,Repository owner,Required
github,github_list_branches,List branches in a GitHub repository,page,Input,Number,Page number (default 1),Optional
github,github_list_branches,List branches in a GitHub repository,per_page,Input,Number,"Results per page (default 10, max 100)",Optional
github,github_list_branches,List branches in a GitHub repository,repo,Input,String,Repository name,Required
github,github_list_commits,Get list of commits of a branch in a GitHub repository,owner,Input,String,Repository owner,Required
github,github_list_commits,Get list of commits of a branch in a GitHub repository,page,Input,Number,Page number (default 1),Optional
github,github_list_commits,Get list of commits of a branch in a GitHub repository,per_page,Input,Number,"Results per page (default 10, max 100)",Optional
github,github_list_commits,Get list of commits of a branch in a GitHub repository,repo,Input,String,Repository name,Required
github,github_list_commits,Get list of commits of a branch in a GitHub repository,sha,Input,String,SHA or Branch name,Optional
github,github_list_issues,List issues in a GitHub repository.,direction,Input,String,Sort direction,Optional
github,github_list_issues,List issues in a GitHub repository.,labels,Input,Array,Filter by labels,Optional
github,github_list_issues,List issues in a GitHub repository.,owner,Input,String,Repository owner,Required
github,github_list_issues,List issues in a GitHub repository.,page,Input,Number,Page number (default 1),Optional
github,github_list_issues,List issues in a GitHub repository.,per_page,Input,Number,"Results per page (default 10, max 100)",Optional
github,github_list_issues,List issues in a GitHub repository.,repo,Input,String,Repository name,Required
github,github_list_issues,List issues in a GitHub repository.,since,Input,String,Filter by date (ISO 8601 timestamp),Optional
github,github_list_issues,List issues in a GitHub repository.,sort,Input,String,Sort order,Optional
github,github_list_issues,List issues in a GitHub repository.,state,Input,String,Filter by state,Optional
github,github_list_pull_requests,List pull requests in a GitHub repository.,base,Input,String,Filter by base branch,Optional
github,github_list_pull_requests,List pull requests in a GitHub repository.,direction,Input,String,Sort direction,Optional
github,github_list_pull_requests,List pull requests in a GitHub repository.,head,Input,String,Filter by head user/org and branch,Optional
github,github_list_pull_requests,List pull requests in a GitHub repository.,owner,Input,String,Repository owner,Required
github,github_list_pull_requests,List pull requests in a GitHub repository.,page,Input,Number,Page number (default 1),Optional
github,github_list_pull_requests,List pull requests in a GitHub repository.,per_page,Input,Number,"Results per page (default 10, max 100)",Optional
github,github_list_pull_requests,List pull requests in a GitHub repository.,repo,Input,String,Repository name,Required
github,github_list_pull_requests,List pull requests in a GitHub repository.,sort,Input,String,Sort by,Optional
github,github_list_pull_requests,List pull requests in a GitHub repository.,state,Input,String,Filter by state,Optional
github,github_list_tags,List git tags in a GitHub repository,owner,Input,String,Repository owner,Required
github,github_list_tags,List git tags in a GitHub repository,page,Input,Number,Page number (default 1),Optional
github,github_list_tags,List git tags in a GitHub repository,per_page,Input,Number,"Results per page (default 10, max 100)",Optional
github,github_list_tags,List git tags in a GitHub repository,repo,Input,String,Repository name,Required
github,github_merge_pull_request,Merge a pull request in a GitHub repository.,commit_message,Input,String,Extra detail for merge commit,Optional
github,github_merge_pull_request,Merge a pull request in a GitHub repository.,commit_title,Input,String,Title for merge commit,Optional
github,github_merge_pull_request,Merge a pull request in a GitHub repository.,merge_method,Input,String,Merge method,Optional
github,github_merge_pull_request,Merge a pull request in a GitHub repository.,owner,Input,String,Repository owner,Required
github,github_merge_pull_request,Merge a pull request in a GitHub repository.,pullNumber,Input,Number,Pull request number,Required
github,github_merge_pull_request,Merge a pull request in a GitHub repository.,repo,Input,String,Repository name,Required
github,github_push_files,Push multiple files to a GitHub repository in a single commit,branch,Input,String,Branch to push to,Required
github,github_push_files,Push multiple files to a GitHub repository in a single commit,files,Input,Array,"Array of file objects to push, each object with path (string) and content (string)",Required
github,github_push_files,Push multiple files to a GitHub repository in a single commit,message,Input,String,Commit message,Required
github,github_push_files,Push multiple files to a GitHub repository in a single commit,owner,Input,String,Repository owner,Required
github,github_push_files,Push multiple files to a GitHub repository in a single commit,repo,Input,String,Repository name,Required
github,github_search_code,Search for code across GitHub repositories. Returns a concise list with file paths and repositories. Use 'get_file_contents' for full file content.,order,Input,String,Sort order,Optional
github,github_search_code,Search for code across GitHub repositories. Returns a concise list with file paths and repositories. Use 'get_file_contents' for full file content.,page,Input,Number,Page number (default 1),Optional
github,github_search_code,Search for code across GitHub repositories. Returns a concise list with file paths and repositories. Use 'get_file_contents' for full file content.,per_page,Input,Number,"Results per page (default 10, max 100)",Optional
github,github_search_code,Search for code across GitHub repositories. Returns a concise list with file paths and repositories. Use 'get_file_contents' for full file content.,q,Input,String,"Search query using GitHub code search syntax. Examples: 'addClass in:file language:js', 'repo:owner/name path:src/ extension:py', 'org:github extension:js', 'filename:test.py', 'user:octocat extension:rb', 'console.log path:/src/components', 'TODO in:comments'",Required
github,github_search_code,Search for code across GitHub repositories. Returns a concise list with file paths and repositories. Use 'get_file_contents' for full file content.,sort,Input,String,Sort field ('indexed' only),Optional
github,github_search_issues,Search for issues in GitHub repositories.,order,Input,String,Sort order,Optional
github,github_search_issues,Search for issues in GitHub repositories.,page,Input,Number,Page number (default 1),Optional
github,github_search_issues,Search for issues in GitHub repositories.,per_page,Input,Number,"Results per page (default 10, max 100)",Optional
github,github_search_issues,Search for issues in GitHub repositories.,q,Input,String,Search query using GitHub issues search syntax,Required
github,github_search_issues,Search for issues in GitHub repositories.,sort,Input,String,"Sort field by number of matches of categories, defaults to best match",Optional
github,github_search_repositories,Search for GitHub repositories. Returns a concise list with essential information. Use 'get_repository' for detailed information about a specific repository.,page,Input,Number,Page number (default 1),Optional
github,github_search_repositories,Search for GitHub repositories. Returns a concise list with essential information. Use 'get_repository' for detailed information about a specific repository.,per_page,Input,Number,"Results per page (default 10, max 100)",Optional
github,github_search_repositories,Search for GitHub repositories. Returns a concise list with essential information. Use 'get_repository' for detailed information about a specific repository.,query,Input,String,"Search query. Examples: 'language:typescript stars:>1000', 'org:facebook react', 'machine learning in:description', 'user:octocat', 'created:>2023-01-01', 'license:mit', 'topic:javascript', 'is:public archived:false'",Required
github,github_search_users,Search for GitHub users.,order,Input,String,Sort order,Optional
github,github_search_users,Search for GitHub users.,page,Input,Number,Page number (default 1),Optional
github,github_search_users,Search for GitHub users.,per_page,Input,Number,"Results per page (default 10, max 100)",Optional
github,github_search_users,Search for GitHub users.,q,Input,String,"Search query using GitHub users search syntax. Examples: 'location:""San Francisco"" followers:>100', 'language:python repos:>50', 'fullname:""John Doe""', 'type:user', 'type:org', 'created:>2020-01-01', 'in:email example.com'",Required
github,github_search_users,Search for GitHub users.,sort,Input,String,Sort field by category,Optional
github,github_update_issue,Update an existing issue in a GitHub repository.,assignees,Input,Array,New assignees,Optional
github,github_update_issue,Update an existing issue in a GitHub repository.,body,Input,String,New description,Optional
github,github_update_issue,Update an existing issue in a GitHub repository.,issue_number,Input,Number,Issue number to update,Required
github,github_update_issue,Update an existing issue in a GitHub repository.,labels,Input,Array,New labels,Optional
github,github_update_issue,Update an existing issue in a GitHub repository.,milestone,Input,Number,New milestone number,Optional
github,github_update_issue,Update an existing issue in a GitHub repository.,owner,Input,String,Repository owner,Required
github,github_update_issue,Update an existing issue in a GitHub repository.,repo,Input,String,Repository name,Required
github,github_update_issue,Update an existing issue in a GitHub repository.,state,Input,String,New state,Optional
github,github_update_issue,Update an existing issue in a GitHub repository.,title,Input,String,New title,Optional
github,github_update_pull_request,Update an existing pull request in a GitHub repository.,base,Input,String,New base branch name,Optional
github,github_update_pull_request,Update an existing pull request in a GitHub repository.,body,Input,String,New description,Optional
github,github_update_pull_request,Update an existing pull request in a GitHub repository.,maintainer_can_modify,Input,Boolean,Allow maintainer edits,Optional
github,github_update_pull_request,Update an existing pull request in a GitHub repository.,owner,Input,String,Repository owner,Required
github,github_update_pull_request,Update an existing pull request in a GitHub repository.,pullNumber,Input,Number,Pull request number to update,Required
github,github_update_pull_request,Update an existing pull request in a GitHub repository.,repo,Input,String,Repository name,Required
github,github_update_pull_request,Update an existing pull request in a GitHub repository.,state,Input,String,New state,Optional
github,github_update_pull_request,Update an existing pull request in a GitHub repository.,title,Input,String,New title,Optional
github,github_update_pull_request_branch,Update the branch of a pull request with the latest changes from the base branch (not implemented),expectedHeadSha,Input,String,The expected SHA of the pull request's HEAD ref,Optional
github,github_update_pull_request_branch,Update the branch of a pull request with the latest changes from the base branch (not implemented),owner,Input,String,Repository owner,Required
github,github_update_pull_request_branch,Update the branch of a pull request with the latest changes from the base branch (not implemented),pullNumber,Input,Number,Pull request number,Required
github,github_update_pull_request_branch,Update the branch of a pull request with the latest changes from the base branch (not implemented),repo,Input,String,Repository name,Required
google-maps,google-maps_maps_directions,Get directions between two points,destination,Input,String,Ending point address or coordinates,Required
google-maps,google-maps_maps_directions,Get directions between two points,mode,Input,String,"Travel mode (driving, walking, bicycling, transit)",Optional
google-maps,google-maps_maps_directions,Get directions between two points,origin,Input,String,Starting point address or coordinates,Required
google-maps,google-maps_maps_distance_matrix,Calculate travel distance and time for multiple origins and destinations,destinations,Input,Array,Array of destination addresses or coordinates,Required
google-maps,google-maps_maps_distance_matrix,Calculate travel distance and time for multiple origins and destinations,mode,Input,String,"Travel mode (driving, walking, bicycling, transit)",Optional
google-maps,google-maps_maps_distance_matrix,Calculate travel distance and time for multiple origins and destinations,origins,Input,Array,Array of origin addresses or coordinates,Required
google-maps,google-maps_maps_elevation,Get elevation data for locations on the earth,locations,Input,Array,Array of locations to get elevation for,Required
google-maps,google-maps_maps_geocode,Convert an address into geographic coordinates,address,Input,String,The address to geocode,Required
google-maps,google-maps_maps_place_details,Get detailed information about a specific place,place_id,Input,String,The place ID to get details for,Required
google-maps,google-maps_maps_reverse_geocode,Convert coordinates into an address,latitude,Input,Number,Latitude coordinate,Required
google-maps,google-maps_maps_reverse_geocode,Convert coordinates into an address,longitude,Input,Number,Longitude coordinate,Required
google-maps,google-maps_maps_search_places,Search for places using Google Places API,location,Input,Object,Optional center point for the search,Optional
google-maps,google-maps_maps_search_places,Search for places using Google Places API,query,Input,String,Search query,Required
google-maps,google-maps_maps_search_places,Search for places using Google Places API,radius,Input,Number,Search radius in meters (max 50000),Optional
google-workspace,google-workspace_create_event,Create a new calendar event,attendees,Input,Array,List of attendee email addresses,Optional
google-workspace,google-workspace_create_event,Create a new calendar event,description,Input,String,Event description,Optional
google-workspace,google-workspace_create_event,Create a new calendar event,end,Input,String,End time in ISO format,Required
google-workspace,google-workspace_create_event,Create a new calendar event,location,Input,String,Event location,Optional
google-workspace,google-workspace_create_event,Create a new calendar event,start,Input,String,Start time in ISO format,Required
google-workspace,google-workspace_create_event,Create a new calendar event,summary,Input,String,Event title,Required
google-workspace,google-workspace_delete_event,Delete a calendar event,eventId,Input,String,Event ID to delete,Required
google-workspace,google-workspace_list_emails,List recent emails from Gmail inbox,maxResults,Input,Number,Maximum number of emails to return (default: 10),Optional
google-workspace,google-workspace_list_emails,List recent emails from Gmail inbox,query,Input,String,Search query to filter emails,Optional
google-workspace,google-workspace_list_events,List upcoming calendar events,maxResults,Input,Number,Maximum number of events to return (default: 10),Optional
google-workspace,google-workspace_list_events,List upcoming calendar events,timeMax,Input,String,End time in ISO format,Optional
google-workspace,google-workspace_list_events,List upcoming calendar events,timeMin,Input,String,Start time in ISO format (default: now),Optional
google-workspace,google-workspace_modify_email,"Modify email labels (archive, trash, mark read/unread)",addLabels,Input,Array,Labels to add,Optional
google-workspace,google-workspace_modify_email,"Modify email labels (archive, trash, mark read/unread)",id,Input,String,Email ID,Required
google-workspace,google-workspace_modify_email,"Modify email labels (archive, trash, mark read/unread)",removeLabels,Input,Array,Labels to remove,Optional
google-workspace,google-workspace_search_emails,Search emails with advanced query,maxResults,Input,Number,Maximum number of emails to return (default: 10),Optional
google-workspace,google-workspace_search_emails,Search emails with advanced query,query,Input,String,"Gmail search query (e.g., ""from:example@gmail.com has:attachment""). Examples:
- ""from:alice@example.com"" (Emails from Alice)
- ""to:bob@example.com"" (Emails sent to Bob)
- ""subject:Meeting Update"" (Emails with ""Meeting Update"" in the subject)
- ""has:attachment filename:pdf"" (Emails with PDF attachments)
- ""after:2024/01/01 before:2024/02/01"" (Emails between specific dates)
- ""is:unread"" (Unread emails)
- ""from:@company.com has:attachment"" (Emails from a company domain with attachments)",Required
google-workspace,google-workspace_send_email,Send a new email,bcc,Input,String,BCC recipients (comma-separated),Optional
google-workspace,google-workspace_send_email,Send a new email,body,Input,String,Email body (can include HTML),Required
google-workspace,google-workspace_send_email,Send a new email,cc,Input,String,CC recipients (comma-separated),Optional
google-workspace,google-workspace_send_email,Send a new email,subject,Input,String,Email subject,Required
google-workspace,google-workspace_send_email,Send a new email,to,Input,String,Recipient email address,Required
google-workspace,google-workspace_update_event,Update an existing calendar event,attendees,Input,Array,New list of attendee email addresses,Optional
google-workspace,google-workspace_update_event,Update an existing calendar event,description,Input,String,New event description,Optional
google-workspace,google-workspace_update_event,Update an existing calendar event,end,Input,String,New end time in ISO format,Optional
google-workspace,google-workspace_update_event,Update an existing calendar event,eventId,Input,String,Event ID to update,Required
google-workspace,google-workspace_update_event,Update an existing calendar event,location,Input,String,New event location,Optional
google-workspace,google-workspace_update_event,Update an existing calendar event,start,Input,String,New start time in ISO format,Optional
google-workspace,google-workspace_update_event,Update an existing calendar event,summary,Input,String,New event title,Optional
lara-translate,lara-translate_add_translation,Adds a translation to a translation memory in your Lara Translate account.,id,Input,Array,The ID or list of IDs where to save the translation unit. Format: mem_xyz123,Required
lara-translate,lara-translate_add_translation,Adds a translation to a translation memory in your Lara Translate account.,sentence,Input,String,The source sentence,Required
lara-translate,lara-translate_add_translation,Adds a translation to a translation memory in your Lara Translate account.,sentence_after,Input,String,The sentence after the source sentence to specify the context of the translation unit,Optional
lara-translate,lara-translate_add_translation,Adds a translation to a translation memory in your Lara Translate account.,sentence_before,Input,String,The sentence before the source sentence to specify the context of the translation unit,Optional
lara-translate,lara-translate_add_translation,Adds a translation to a translation memory in your Lara Translate account.,source,Input,String,"The source language code of the sentence, it MUST be a language supported by the system, use the list_languages tool to get a list of all the supported languages",Required
lara-translate,lara-translate_add_translation,Adds a translation to a translation memory in your Lara Translate account.,target,Input,String,"The target language code of the translation, it MUST be a language supported by the system, use the list_languages tool to get a list of all the supported languages",Required
lara-translate,lara-translate_add_translation,Adds a translation to a translation memory in your Lara Translate account.,translation,Input,String,The translated sentence,Required
lara-translate,lara-translate_add_translation,Adds a translation to a translation memory in your Lara Translate account.,tuid,Input,String,Translation Unit unique identifier,Optional
lara-translate,lara-translate_check_import_status,Checks the status of a TMX file import job in your Lara Translate account.,id,Input,String,The ID of the import job,Required
lara-translate,lara-translate_create_memory,Create a translation memory with a custom name in your Lara Translate account. Translation memories store pairs of source and target text segments (translation units) for reuse in future translations.,external_id,Input,String,The ID of the memory to be imported from MyMemory. Use this to initialize the memory with external content. Format: ext_my_[MyMemory ID],Optional
lara-translate,lara-translate_create_memory,Create a translation memory with a custom name in your Lara Translate account. Translation memories store pairs of source and target text segments (translation units) for reuse in future translations.,name,Input,String,"The name of the new memory, it should be short and generic, like 'catch_phrases' or 'brand_names'",Required
lara-translate,lara-translate_delete_memory,Deletes a translation memory from your Lara Translate account.,id,Input,String,The unique identifier of the memory to update. Format: mem_xyz123,Required
lara-translate,lara-translate_delete_translation,Deletes a translation from a translation memory from your Lara Translate account.,id,Input,Array,The ID or list of IDs where to delete the translation unit from. Format: mem_xyz123,Required
lara-translate,lara-translate_delete_translation,Deletes a translation from a translation memory from your Lara Translate account.,sentence,Input,String,The source sentence,Required
lara-translate,lara-translate_delete_translation,Deletes a translation from a translation memory from your Lara Translate account.,sentence_after,Input,String,The sentence after the source sentence to specify the context of the translation unit,Optional
lara-translate,lara-translate_delete_translation,Deletes a translation from a translation memory from your Lara Translate account.,sentence_before,Input,String,The sentence before the source sentence to specify the context of the translation unit,Optional
lara-translate,lara-translate_delete_translation,Deletes a translation from a translation memory from your Lara Translate account.,source,Input,String,The source language code of the sentence,Required
lara-translate,lara-translate_delete_translation,Deletes a translation from a translation memory from your Lara Translate account.,target,Input,String,The target language code of the translation,Required
lara-translate,lara-translate_delete_translation,Deletes a translation from a translation memory from your Lara Translate account.,translation,Input,String,The translated sentence,Required
lara-translate,lara-translate_delete_translation,Deletes a translation from a translation memory from your Lara Translate account.,tuid,Input,String,Translation Unit unique identifier,Optional
lara-translate,lara-translate_import_tmx,Imports a TMX file into a translation memory in your Lara Translate account.,gzip,Input,Boolean,Indicates if the file is a compressed .gz file,Optional
lara-translate,lara-translate_import_tmx,Imports a TMX file into a translation memory in your Lara Translate account.,id,Input,String,The ID of the memory to update. Format: mem_xyz123.,Required
lara-translate,lara-translate_import_tmx,Imports a TMX file into a translation memory in your Lara Translate account.,tmx_content,Input,String,The content of the tmx file to upload. Don't provide this if you choose to use tmx_url.,Optional
lara-translate,lara-translate_import_tmx,Imports a TMX file into a translation memory in your Lara Translate account.,tmx_url,Input,String,A URL to the tmx file to upload. Don't provide this if you choose to use tmx_content.,Optional
lara-translate,lara-translate_translate,"Translate text between languages with support for language detection, context-aware translations and translation memories using Lara Translate.",adapt_to,Input,Array,A list of translation memory IDs for adapting the translation.,Optional
lara-translate,lara-translate_translate,"Translate text between languages with support for language detection, context-aware translations and translation memories using Lara Translate.",context,Input,String,"Additional context string to improve translation quality (e.g., 'This is a legal document' or 'Im talking with a doctor'). This helps the translation system better understand the domain.",Optional
lara-translate,lara-translate_translate,"Translate text between languages with support for language detection, context-aware translations and translation memories using Lara Translate.",instructions,Input,Array,"A list of instructions to adjust the network’s behavior regarding the output (e.g., 'Use a formal tone').",Optional
lara-translate,lara-translate_translate,"Translate text between languages with support for language detection, context-aware translations and translation memories using Lara Translate.",source,Input,String,"The source language code (e.g., 'en-EN' for English). If not specified, the system will attempt to detect it automatically. If you have a hint about the source language, you should specify it in the source_hint field.",Optional
lara-translate,lara-translate_translate,"Translate text between languages with support for language detection, context-aware translations and translation memories using Lara Translate.",source_hint,Input,String,Used to guide language detection. Specify this when the source language is uncertain to improve detection accuracy.,Optional
lara-translate,lara-translate_translate,"Translate text between languages with support for language detection, context-aware translations and translation memories using Lara Translate.",target,Input,String,"The target language code (e.g., 'it-IT' for Italian). This specifies the language you want the text translated into.",Required
lara-translate,lara-translate_translate,"Translate text between languages with support for language detection, context-aware translations and translation memories using Lara Translate.",text,Input,Array,An array of text blocks to translate. Each block contains a text string and a boolean indicating whether it should be translated. This allows for selective translation where some text blocks can be preserved in their original form while others are translated.,Required
lara-translate,lara-translate_update_memory,Updates a translation memory in your Lara Translate account.,id,Input,String,The unique identifier of the memory to update. Format: mem_xyz123,Required
lara-translate,lara-translate_update_memory,Updates a translation memory in your Lara Translate account.,name,Input,String,The new name for the memory,Required
mcp-code-executor,mcp-code-executor_append_to_code_file,"Append content to an existing Python code file. Use this to add more code to a file created with initialize_code_file, allowing you to build up larger code bases in parts.",content,Input,String,Content to append to the file,Required
mcp-code-executor,mcp-code-executor_append_to_code_file,"Append content to an existing Python code file. Use this to add more code to a file created with initialize_code_file, allowing you to build up larger code bases in parts.",file_path,Input,String,Full path to the file,Required
mcp-code-executor,mcp-code-executor_check_installed_packages,Check if packages are installed in the venv-uv environment,packages,Input,Array,List of packages to check,Required
mcp-code-executor,mcp-code-executor_configure_environment,Change the environment configuration settings,conda_name,Input,String,Name of the conda environment (required if type is 'conda'),Optional
mcp-code-executor,mcp-code-executor_configure_environment,Change the environment configuration settings,type,Input,String,Type of Python environment,Required
mcp-code-executor,mcp-code-executor_configure_environment,Change the environment configuration settings,uv_venv_path,Input,String,Path to the UV virtualenv (required if type is 'venv-uv'),Optional
mcp-code-executor,mcp-code-executor_configure_environment,Change the environment configuration settings,venv_path,Input,String,Path to the virtualenv (required if type is 'venv'),Optional
mcp-code-executor,mcp-code-executor_execute_code,"Execute Python code in the venv-uv environment. For short code snippets only. For longer code, use initialize_code_file and append_to_code_file instead.",code,Input,String,Python code to execute,Required
mcp-code-executor,mcp-code-executor_execute_code,"Execute Python code in the venv-uv environment. For short code snippets only. For longer code, use initialize_code_file and append_to_code_file instead.",filename,Input,String,Optional: Name of the file to save the code (default: generated UUID),Optional
mcp-code-executor,mcp-code-executor_execute_code_file,Execute an existing Python file. Use this as the final step after building up code with initialize_code_file and append_to_code_file.,file_path,Input,String,Full path to the Python file to execute,Required
mcp-code-executor,mcp-code-executor_initialize_code_file,Create a new Python file with initial content. Use this as the first step for longer code that may exceed token limits. Follow with append_to_code_file for additional code.,content,Input,String,Initial content to write to the file,Required
mcp-code-executor,mcp-code-executor_initialize_code_file,Create a new Python file with initial content. Use this as the first step for longer code that may exceed token limits. Follow with append_to_code_file for additional code.,filename,Input,String,Optional: Name of the file (default: generated UUID),Optional
mcp-code-executor,mcp-code-executor_install_dependencies,Install Python dependencies in the venv-uv environment,packages,Input,Array,List of packages to install,Required
mcp-code-executor,mcp-code-executor_read_code_file,Read the content of an existing Python code file. Use this to verify the current state of a file before appending more content or executing it.,file_path,Input,String,Full path to the file to read,Required
mcp-server-code-runner,mcp-server-code-runner_run-code,Run code snippet and return the result.,code,Input,String,Code Snippet,Required
mcp-server-code-runner,mcp-server-code-runner_run-code,Run code snippet and return the result.,languageId,Input,String,Language ID,Required
memory,memory_add_observations,Add new observations to existing entities in the knowledge graph,observations,Input,Array,,Required
memory,memory_create_entities,Create multiple new entities in the knowledge graph,entities,Input,Array,,Required
memory,memory_create_relations,Create multiple new relations between entities in the knowledge graph. Relations should be in active voice,relations,Input,Array,,Required
memory,memory_delete_entities,Delete multiple entities and their associated relations from the knowledge graph,entityNames,Input,Array,An array of entity names to delete,Required
memory,memory_delete_observations,Delete specific observations from entities in the knowledge graph,deletions,Input,Array,,Required
memory,memory_delete_relations,Delete multiple relations from the knowledge graph,relations,Input,Array,An array of relations to delete,Required
memory,memory_open_nodes,Open specific nodes in the knowledge graph by their names,names,Input,Array,An array of entity names to retrieve,Required
memory,memory_search_nodes,Search for nodes in the knowledge graph based on a query,query,Input,String,"The search query to match against entity names, types, and observation content",Required
met-museum,met-museum_get-museum-object,"Get a museum object by its ID, from the Metropolitan Museum of Art Collection",objectId,Input,Number,The ID of the museum object to retrieve,Required
met-museum,met-museum_get-museum-object,"Get a museum object by its ID, from the Metropolitan Museum of Art Collection",returnImage,Input,Boolean,Whether to return the image (if available) of the object and add it to the server resources,Optional
met-museum,met-museum_search-museum-objects,"Search for objects in the Metropolitan Museum of Art (Met Museum). Will return Total objects found, followed by a list of Object Ids.The parameter title should be set to true if you want to search for objects by title.The parameter hasImages is false by default, but can be set to true to return objects without images.If the parameter hasImages is true, the parameter title should be false.",departmentId,Input,Number,Returns objects that are in the specified department. The departmentId should come from the 'list-departments' tool.,Optional
met-museum,met-museum_search-museum-objects,"Search for objects in the Metropolitan Museum of Art (Met Museum). Will return Total objects found, followed by a list of Object Ids.The parameter title should be set to true if you want to search for objects by title.The parameter hasImages is false by default, but can be set to true to return objects without images.If the parameter hasImages is true, the parameter title should be false.",hasImages,Input,Boolean,Only returns objects that have images,Optional
met-museum,met-museum_search-museum-objects,"Search for objects in the Metropolitan Museum of Art (Met Museum). Will return Total objects found, followed by a list of Object Ids.The parameter title should be set to true if you want to search for objects by title.The parameter hasImages is false by default, but can be set to true to return objects without images.If the parameter hasImages is true, the parameter title should be false.",q,Input,String,"The search query, Returns a listing of all Object IDs for objects that contain the search query within the object's data",Required
met-museum,met-museum_search-museum-objects,"Search for objects in the Metropolitan Museum of Art (Met Museum). Will return Total objects found, followed by a list of Object Ids.The parameter title should be set to true if you want to search for objects by title.The parameter hasImages is false by default, but can be set to true to return objects without images.If the parameter hasImages is true, the parameter title should be false.",title,Input,Boolean,This should be set to true if you want to search for objects by title,Optional
mongodb,mongodb_aggregate,Run an aggregation against a MongoDB collection,collection,Input,String,Collection name,Required
mongodb,mongodb_aggregate,Run an aggregation against a MongoDB collection,database,Input,String,Database name,Required
mongodb,mongodb_aggregate,Run an aggregation against a MongoDB collection,pipeline,Input,Array,An array of aggregation stages to execute,Required
mongodb,mongodb_collection-indexes,Describe the indexes for a collection,collection,Input,String,Collection name,Required
mongodb,mongodb_collection-indexes,Describe the indexes for a collection,database,Input,String,Database name,Required
mongodb,mongodb_collection-schema,Describe the schema for a collection,collection,Input,String,Collection name,Required
mongodb,mongodb_collection-schema,Describe the schema for a collection,database,Input,String,Database name,Required
mongodb,mongodb_collection-storage-size,Gets the size of the collection,collection,Input,String,Collection name,Required
mongodb,mongodb_collection-storage-size,Gets the size of the collection,database,Input,String,Database name,Required
mongodb,mongodb_count,Gets the number of documents in a MongoDB collection using db.collection.count() and query as an optional filter parameter,collection,Input,String,Collection name,Required
mongodb,mongodb_count,Gets the number of documents in a MongoDB collection using db.collection.count() and query as an optional filter parameter,database,Input,String,Database name,Required
mongodb,mongodb_count,Gets the number of documents in a MongoDB collection using db.collection.count() and query as an optional filter parameter,query,Input,Object,A filter/query parameter. Allows users to filter the documents to count. Matches the syntax of the filter argument of db.collection.count().,Optional
mongodb,mongodb_create-collection,"Creates a new collection in a database. If the database doesn't exist, it will be created automatically.",collection,Input,String,Collection name,Required
mongodb,mongodb_create-collection,"Creates a new collection in a database. If the database doesn't exist, it will be created automatically.",database,Input,String,Database name,Required
mongodb,mongodb_create-index,Create an index for a collection,collection,Input,String,Collection name,Required
mongodb,mongodb_create-index,Create an index for a collection,database,Input,String,Database name,Required
mongodb,mongodb_create-index,Create an index for a collection,keys,Input,Object,The index definition,Required
mongodb,mongodb_create-index,Create an index for a collection,name,Input,String,The name of the index,Optional
mongodb,mongodb_db-stats,Returns statistics that reflect the use state of a single database,database,Input,String,Database name,Required
mongodb,mongodb_delete-many,Removes all documents that match the filter from a MongoDB collection,collection,Input,String,Collection name,Required
mongodb,mongodb_delete-many,Removes all documents that match the filter from a MongoDB collection,database,Input,String,Database name,Required
mongodb,mongodb_delete-many,Removes all documents that match the filter from a MongoDB collection,filter,Input,Object,"The query filter, specifying the deletion criteria. Matches the syntax of the filter argument of db.collection.deleteMany()",Optional
mongodb,mongodb_drop-collection,Removes a collection or view from the database. The method also removes any indexes associated with the dropped collection.,collection,Input,String,Collection name,Required
mongodb,mongodb_drop-collection,Removes a collection or view from the database. The method also removes any indexes associated with the dropped collection.,database,Input,String,Database name,Required
mongodb,mongodb_drop-database,"Removes the specified database, deleting the associated data files",database,Input,String,Database name,Required
mongodb,mongodb_explain,Returns statistics describing the execution of the winning plan chosen by the query optimizer for the evaluated method,collection,Input,String,Collection name,Required
mongodb,mongodb_explain,Returns statistics describing the execution of the winning plan chosen by the query optimizer for the evaluated method,database,Input,String,Database name,Required
mongodb,mongodb_explain,Returns statistics describing the execution of the winning plan chosen by the query optimizer for the evaluated method,method,Input,Array,The method and its arguments to run,Required
mongodb,mongodb_find,Run a find query against a MongoDB collection,collection,Input,String,Collection name,Required
mongodb,mongodb_find,Run a find query against a MongoDB collection,database,Input,String,Database name,Required
mongodb,mongodb_find,Run a find query against a MongoDB collection,filter,Input,Object,"The query filter, matching the syntax of the query argument of db.collection.find()",Optional
mongodb,mongodb_find,Run a find query against a MongoDB collection,limit,Input,Number,The maximum number of documents to return,Optional
mongodb,mongodb_find,Run a find query against a MongoDB collection,projection,Input,Object,"The projection, matching the syntax of the projection argument of db.collection.find()",Optional
mongodb,mongodb_find,Run a find query against a MongoDB collection,sort,Input,Object,"A document, describing the sort order, matching the syntax of the sort argument of cursor.sort(). The keys of the object are the fields to sort on, while the values are the sort directions (1 for ascending, -1 for descending).",Optional
mongodb,mongodb_insert-many,Insert an array of documents into a MongoDB collection,collection,Input,String,Collection name,Required
mongodb,mongodb_insert-many,Insert an array of documents into a MongoDB collection,database,Input,String,Database name,Required
mongodb,mongodb_insert-many,Insert an array of documents into a MongoDB collection,documents,Input,Array,"The array of documents to insert, matching the syntax of the document argument of db.collection.insertMany()",Required
mongodb,mongodb_list-collections,List all collections for a given database,database,Input,String,Database name,Required
mongodb,mongodb_mongodb-logs,Returns the most recent logged mongod events,limit,Input,Integer,The maximum number of log entries to return.,Optional
mongodb,mongodb_mongodb-logs,Returns the most recent logged mongod events,type,Input,String,"The type of logs to return. Global returns all recent log entries, while startupWarnings returns only warnings and errors from when the process started.",Optional
mongodb,mongodb_rename-collection,Renames a collection in a MongoDB database,collection,Input,String,Collection name,Required
mongodb,mongodb_rename-collection,Renames a collection in a MongoDB database,database,Input,String,Database name,Required
mongodb,mongodb_rename-collection,Renames a collection in a MongoDB database,dropTarget,Input,Boolean,"If true, drops the target collection if it exists",Optional
mongodb,mongodb_rename-collection,Renames a collection in a MongoDB database,newName,Input,String,The new name for the collection,Required
mongodb,mongodb_switch-connection,"Switch to a different MongoDB connection. If the user has configured a connection string or has previously called the connect tool, a connection is already established and there's no need to call this tool unless the user has explicitly requested to switch to a new instance.",connectionString,Input,String,MongoDB connection string to switch to (in the mongodb:// or mongodb+srv:// format),Optional
mongodb,mongodb_update-many,Updates all documents that match the specified filter for a collection,collection,Input,String,Collection name,Required
mongodb,mongodb_update-many,Updates all documents that match the specified filter for a collection,database,Input,String,Database name,Required
mongodb,mongodb_update-many,Updates all documents that match the specified filter for a collection,filter,Input,Object,"The selection criteria for the update, matching the syntax of the filter argument of db.collection.updateOne()",Optional
mongodb,mongodb_update-many,Updates all documents that match the specified filter for a collection,update,Input,Object,An update document describing the modifications to apply using update operator expressions,Required
mongodb,mongodb_update-many,Updates all documents that match the specified filter for a collection,upsert,Input,Boolean,Controls whether to insert a new document if no documents match the filter,Optional
national-parks,national-parks_findParks,"Search for national parks based on state, name, activities, or other criteria",activities,Input,String,"Filter by available activities (e.g., ""hiking,camping"")",Optional
national-parks,national-parks_findParks,"Search for national parks based on state, name, activities, or other criteria",limit,Input,Number,"Maximum number of parks to return (default: 10, max: 50)",Optional
national-parks,national-parks_findParks,"Search for national parks based on state, name, activities, or other criteria",q,Input,String,Search term to filter parks by name or description,Optional
national-parks,national-parks_findParks,"Search for national parks based on state, name, activities, or other criteria",start,Input,Number,Start position for results (useful for pagination),Optional
national-parks,national-parks_findParks,"Search for national parks based on state, name, activities, or other criteria",stateCode,Input,String,"Filter parks by state code (e.g., ""CA"" for California, ""NY"" for New York). Multiple states can be comma-separated (e.g., ""CA,OR,WA"")",Optional
national-parks,national-parks_getAlerts,"Get current alerts for national parks including closures, hazards, and important information",limit,Input,Number,"Maximum number of alerts to return (default: 10, max: 50)",Optional
national-parks,national-parks_getAlerts,"Get current alerts for national parks including closures, hazards, and important information",parkCode,Input,String,"Filter alerts by park code (e.g., ""yose"" for Yosemite). Multiple parks can be comma-separated (e.g., ""yose,grca"").",Optional
national-parks,national-parks_getAlerts,"Get current alerts for national parks including closures, hazards, and important information",q,Input,String,Search term to filter alerts by title or description,Optional
national-parks,national-parks_getAlerts,"Get current alerts for national parks including closures, hazards, and important information",start,Input,Number,Start position for results (useful for pagination),Optional
national-parks,national-parks_getCampgrounds,Get information about available campgrounds and their amenities,limit,Input,Number,"Maximum number of campgrounds to return (default: 10, max: 50)",Optional
national-parks,national-parks_getCampgrounds,Get information about available campgrounds and their amenities,parkCode,Input,String,"Filter campgrounds by park code (e.g., ""yose"" for Yosemite). Multiple parks can be comma-separated (e.g., ""yose,grca"").",Optional
national-parks,national-parks_getCampgrounds,Get information about available campgrounds and their amenities,q,Input,String,Search term to filter campgrounds by name or description,Optional
national-parks,national-parks_getCampgrounds,Get information about available campgrounds and their amenities,start,Input,Number,Start position for results (useful for pagination),Optional
national-parks,national-parks_getEvents,Find upcoming events at parks,dateEnd,Input,String,End date for filtering events (format: YYYY-MM-DD),Optional
national-parks,national-parks_getEvents,Find upcoming events at parks,dateStart,Input,String,Start date for filtering events (format: YYYY-MM-DD),Optional
national-parks,national-parks_getEvents,Find upcoming events at parks,limit,Input,Number,"Maximum number of events to return (default: 10, max: 50)",Optional
national-parks,national-parks_getEvents,Find upcoming events at parks,parkCode,Input,String,"Filter events by park code (e.g., ""yose"" for Yosemite). Multiple parks can be comma-separated (e.g., ""yose,grca"").",Optional
national-parks,national-parks_getEvents,Find upcoming events at parks,q,Input,String,Search term to filter events by title or description,Optional
national-parks,national-parks_getEvents,Find upcoming events at parks,start,Input,Number,Start position for results (useful for pagination),Optional
national-parks,national-parks_getParkDetails,Get detailed information about a specific national park,parkCode,Input,String,"The park code of the national park (e.g., ""yose"" for Yosemite, ""grca"" for Grand Canyon)",Required
national-parks,national-parks_getVisitorCenters,Get information about visitor centers and their operating hours,limit,Input,Number,"Maximum number of visitor centers to return (default: 10, max: 50)",Optional
national-parks,national-parks_getVisitorCenters,Get information about visitor centers and their operating hours,parkCode,Input,String,"Filter visitor centers by park code (e.g., ""yose"" for Yosemite). Multiple parks can be comma-separated (e.g., ""yose,grca"").",Optional
national-parks,national-parks_getVisitorCenters,Get information about visitor centers and their operating hours,q,Input,String,Search term to filter visitor centers by name or description,Optional
national-parks,national-parks_getVisitorCenters,Get information about visitor centers and their operating hours,start,Input,Number,Start position for results (useful for pagination),Optional
notion,notion_API-create-a-comment,Create comment,parent,Input,Object,The page that contains the comment,Required
notion,notion_API-create-a-comment,Create comment,rich_text,Input,Array,,Required
notion,notion_API-create-a-database,Create a database,parent,Input,Object,,Required
notion,notion_API-create-a-database,Create a database,properties,Input,Object,Property schema of database. The keys are the names of properties as they appear in Notion and the values are [property schema objects](https://developers.notion.com/reference/property-schema-object).,Required
notion,notion_API-create-a-database,Create a database,title,Input,Array,,Optional
notion,notion_API-delete-a-block,Delete a block,block_id,Input,String,Identifier for a Notion block,Required
notion,notion_API-get-block-children,Retrieve block children,block_id,Input,String,Identifier for a [block](ref:block),Required
notion,notion_API-get-block-children,Retrieve block children,page_size,Input,Integer,The number of items from the full list desired in the response. Maximum: 100,Optional
notion,notion_API-get-block-children,Retrieve block children,start_cursor,Input,String,"If supplied, this endpoint will return a page of results starting after the cursor provided. If not supplied, this endpoint will return the first page of results.",Optional
notion,notion_API-get-user,"Retrieve a user
Error Responses:
400: 400",user_id,Input,String,,Required
notion,notion_API-get-users,"List all users
Error Responses:
400: 400",page_size,Input,Integer,The number of items from the full list desired in the response. Maximum: 100,Optional
notion,notion_API-get-users,"List all users
Error Responses:
400: 400",start_cursor,Input,String,"If supplied, this endpoint will return a page of results starting after the cursor provided. If not supplied, this endpoint will return the first page of results.",Optional
notion,notion_API-patch-block-children,Append block children,after,Input,String,The ID of the existing block that the new block should be appended after.,Optional
notion,notion_API-patch-block-children,Append block children,block_id,Input,String,Identifier for a [block](ref:block). Also accepts a [page](ref:page) ID.,Required
notion,notion_API-patch-block-children,Append block children,children,Input,Array,Child content to append to a container block as an array of [block objects](ref:block),Required
notion,notion_API-patch-page,Update page properties,archived,Input,Boolean,,Optional
notion,notion_API-patch-page,Update page properties,cover,Input,Object,A cover image for the page. Only [external file objects](https://developers.notion.com/reference/file-object) are supported.,Optional
notion,notion_API-patch-page,Update page properties,icon,Input,Object,A page icon for the page. Supported types are [external file object](https://developers.notion.com/reference/file-object) or [emoji object](https://developers.notion.com/reference/emoji-object).,Optional
notion,notion_API-patch-page,Update page properties,in_trash,Input,Boolean,Set to true to delete a block. Set to false to restore a block.,Optional
notion,notion_API-patch-page,Update page properties,page_id,Input,String,The identifier for the Notion page to be updated.,Required
notion,notion_API-patch-page,Update page properties,properties,Input,Object,"The property values to update for the page. The keys are the names or IDs of the property and the values are property values. If a page property ID is not included, then it is not changed.",Optional
notion,notion_API-post-database-query,Query a database,archived,Input,Boolean,,Optional
notion,notion_API-post-database-query,Query a database,database_id,Input,String,Identifier for a Notion database.,Required
notion,notion_API-post-database-query,Query a database,filter,Input,Object,"When supplied, limits which pages are returned based on the [filter conditions](ref:post-database-query-filter).",Optional
notion,notion_API-post-database-query,Query a database,filter_properties,Input,Array,A list of page property value IDs associated with the database. Use this param to limit the response to a specific page property value or values for pages that meet the `filter` criteria.,Optional
notion,notion_API-post-database-query,Query a database,in_trash,Input,Boolean,,Optional
notion,notion_API-post-database-query,Query a database,page_size,Input,Integer,The number of items from the full list desired in the response. Maximum: 100,Optional
notion,notion_API-post-database-query,Query a database,sorts,Input,Array,"When supplied, orders the results based on the provided [sort criteria](ref:post-database-query-sort).",Optional
notion,notion_API-post-database-query,Query a database,start_cursor,Input,String,"When supplied, returns a page of results starting after the cursor provided. If not supplied, this endpoint will return the first page of results.",Optional
notion,notion_API-post-page,Create a page,children,Input,Array,"The content to be rendered on the new page, represented as an array of [block objects](https://developers.notion.com/reference/block).",Optional
notion,notion_API-post-page,Create a page,cover,Input,String,"The cover image of the new page, represented as a [file object](https://developers.notion.com/reference/file-object).",Optional
notion,notion_API-post-page,Create a page,icon,Input,String,The icon of the new page. Either an [emoji object](https://developers.notion.com/reference/emoji-object) or an [external file object](https://developers.notion.com/reference/file-object)..,Optional
notion,notion_API-post-page,Create a page,parent,Input,Object,,Required
notion,notion_API-post-page,Create a page,properties,Input,Object,,Required
notion,notion_API-post-search,Search by title,filter,Input,Object,"A set of criteria, `value` and `property` keys, that limits the results to either only pages or only databases. Possible `value` values are `""page""` or `""database""`. The only supported `property` value is `""object""`.",Optional
notion,notion_API-post-search,Search by title,page_size,Input,Integer,The number of items from the full list to include in the response. Maximum: `100`.,Optional
notion,notion_API-post-search,Search by title,query,Input,String,The text that the API compares page and database titles against.,Optional
notion,notion_API-post-search,Search by title,sort,Input,Object,"A set of criteria, `direction` and `timestamp` keys, that orders the results. The **only** supported timestamp value is `""last_edited_time""`. Supported `direction` values are `""ascending""` and `""descending""`. If `sort` is not provided, then the most recently edited results are returned first.",Optional
notion,notion_API-post-search,Search by title,start_cursor,Input,String,"A `cursor` value returned in a previous response that If supplied, limits the response to results starting after the `cursor`. If not supplied, then the first page of results is returned. Refer to [pagination](https://developers.notion.com/reference/intro#pagination) for more details.",Optional
notion,notion_API-retrieve-a-block,Retrieve a block,block_id,Input,String,Identifier for a Notion block,Required
notion,notion_API-retrieve-a-comment,Retrieve comments,block_id,Input,String,Identifier for a Notion block or page,Required
notion,notion_API-retrieve-a-comment,Retrieve comments,page_size,Input,Integer,The number of items from the full list desired in the response. Maximum: 100,Optional
notion,notion_API-retrieve-a-comment,Retrieve comments,start_cursor,Input,String,"If supplied, this endpoint will return a page of results starting after the cursor provided. If not supplied, this endpoint will return the first page of results.",Optional
notion,notion_API-retrieve-a-database,Retrieve a database,database_id,Input,String,An identifier for the Notion database.,Required
notion,notion_API-retrieve-a-page,Retrieve a page,filter_properties,Input,String,"A list of page property value IDs associated with the page. Use this param to limit the response to a specific page property value or values. To retrieve multiple properties, specify each page property ID. For example: `?filter_properties=iAk8&filter_properties=b7dh`.",Optional
notion,notion_API-retrieve-a-page,Retrieve a page,page_id,Input,String,Identifier for a Notion page,Required
notion,notion_API-retrieve-a-page-property,Retrieve a page property item,page_id,Input,String,Identifier for a Notion page,Required
notion,notion_API-retrieve-a-page-property,Retrieve a page property item,page_size,Input,Integer,For paginated properties. The max number of property item objects on a page. The default size is 100,Optional
notion,notion_API-retrieve-a-page-property,Retrieve a page property item,property_id,Input,String,Identifier for a page [property](https://developers.notion.com/reference/page#all-property-values),Required
notion,notion_API-retrieve-a-page-property,Retrieve a page property item,start_cursor,Input,String,For paginated properties.,Optional
notion,notion_API-update-a-block,Update a block,archived,Input,Boolean,Set to true to archive (delete) a block. Set to false to un-archive (restore) a block.,Optional
notion,notion_API-update-a-block,Update a block,block_id,Input,String,Identifier for a Notion block,Required
notion,notion_API-update-a-block,Update a block,type,Input,Object,The [block object `type`](ref:block#block-object-keys) value with the properties to be updated. Currently only `text` (for supported block types) and `checked` (for `to_do` blocks) fields can be updated.,Optional
notion,notion_API-update-a-database,Update a database,database_id,Input,String,identifier for a Notion database,Required
notion,notion_API-update-a-database,Update a database,description,Input,Array,"An array of [rich text objects](https://developers.notion.com/reference/rich-text) that represents the description of the database that is displayed in the Notion UI. If omitted, then the database description remains unchanged.",Optional
notion,notion_API-update-a-database,Update a database,properties,Input,Object,Property schema of database. The keys are the names of properties as they appear in Notion and the values are [property schema objects](https://developers.notion.com/reference/property-schema-object).,Optional
notion,notion_API-update-a-database,Update a database,title,Input,Array,"An array of [rich text objects](https://developers.notion.com/reference/rich-text) that represents the title of the database that is displayed in the Notion UI. If omitted, then the database title remains unchanged.",Optional
open-library,open-library_get_author_info,Get detailed information for a specific author using their Open Library Author Key (e.g. OL23919A).,author_key,Input,String,"The Open Library key for the author (e.g., OL23919A).",Required
open-library,open-library_get_author_photo,Get the URL for an author's photo using their Open Library Author ID (OLID e.g. OL23919A).,olid,Input,String,The Open Library Author ID (OLID) for the author (e.g. OL23919A).,Required
open-library,open-library_get_authors_by_name,Search for author information on Open Library.,name,Input,String,The name of the author to search for.,Required
open-library,open-library_get_book_by_id,"Get detailed information about a book using its identifier (ISBN, LCCN, OCLC, OLID).",idType,Input,String,"The type of identifier used (ISBN, LCCN, OCLC, OLID).",Required
open-library,open-library_get_book_by_id,"Get detailed information about a book using its identifier (ISBN, LCCN, OCLC, OLID).",idValue,Input,String,The value of the identifier.,Required
open-library,open-library_get_book_by_title,Search for a book by its title on Open Library.,title,Input,String,The title of the book to search for.,Required
open-library,open-library_get_book_cover,"Get the URL for a book's cover image using a key (ISBN, OCLC, LCCN, OLID, ID) and value.",key,Input,String,"The type of identifier used (ISBN, OCLC, LCCN, OLID, ID).",Required
open-library,open-library_get_book_cover,"Get the URL for a book's cover image using a key (ISBN, OCLC, LCCN, OLID, ID) and value.",size,Input,String,"The desired size of the cover (S, M, or L).",Optional
open-library,open-library_get_book_cover,"Get the URL for a book's cover image using a key (ISBN, OCLC, LCCN, OLID, ID) and value.",value,Input,String,The value of the identifier.,Required
osm-mcp-server,osm-mcp-server_analyze_commute,"
Perform a detailed commute analysis between home and work locations.

This advanced tool analyzes commute options between two locations (typically home and work),
comparing multiple transportation modes and providing detailed metrics for each option.
Includes estimated travel times, distances, turn-by-turn directions, and other commute-relevant
data. Essential for real estate decisions, lifestyle planning, and workplace relocation analysis.

Args:
    home_latitude: Home location latitude (decimal degrees)
    home_longitude: Home location longitude (decimal degrees)
    work_latitude: Workplace location latitude (decimal degrees)
    work_longitude: Workplace location longitude (decimal degrees)
    modes: List of transportation modes to analyze (options: ""car"", ""foot"", ""bike"")
    depart_at: Optional departure time (format: ""HH:MM"") for time-sensitive routing
    
Returns:
    Comprehensive commute analysis with:
    - Summary comparing all transportation modes
    - Detailed route information for each mode
    - Total distance and duration for each option
    - Turn-by-turn directions
",depart_at,Input,String,,Optional
osm-mcp-server,osm-mcp-server_analyze_commute,"
Perform a detailed commute analysis between home and work locations.

This advanced tool analyzes commute options between two locations (typically home and work),
comparing multiple transportation modes and providing detailed metrics for each option.
Includes estimated travel times, distances, turn-by-turn directions, and other commute-relevant
data. Essential for real estate decisions, lifestyle planning, and workplace relocation analysis.

Args:
    home_latitude: Home location latitude (decimal degrees)
    home_longitude: Home location longitude (decimal degrees)
    work_latitude: Workplace location latitude (decimal degrees)
    work_longitude: Workplace location longitude (decimal degrees)
    modes: List of transportation modes to analyze (options: ""car"", ""foot"", ""bike"")
    depart_at: Optional departure time (format: ""HH:MM"") for time-sensitive routing
    
Returns:
    Comprehensive commute analysis with:
    - Summary comparing all transportation modes
    - Detailed route information for each mode
    - Total distance and duration for each option
    - Turn-by-turn directions
",home_latitude,Input,Number,,Required
osm-mcp-server,osm-mcp-server_analyze_commute,"
Perform a detailed commute analysis between home and work locations.

This advanced tool analyzes commute options between two locations (typically home and work),
comparing multiple transportation modes and providing detailed metrics for each option.
Includes estimated travel times, distances, turn-by-turn directions, and other commute-relevant
data. Essential for real estate decisions, lifestyle planning, and workplace relocation analysis.

Args:
    home_latitude: Home location latitude (decimal degrees)
    home_longitude: Home location longitude (decimal degrees)
    work_latitude: Workplace location latitude (decimal degrees)
    work_longitude: Workplace location longitude (decimal degrees)
    modes: List of transportation modes to analyze (options: ""car"", ""foot"", ""bike"")
    depart_at: Optional departure time (format: ""HH:MM"") for time-sensitive routing
    
Returns:
    Comprehensive commute analysis with:
    - Summary comparing all transportation modes
    - Detailed route information for each mode
    - Total distance and duration for each option
    - Turn-by-turn directions
",home_longitude,Input,Number,,Required
osm-mcp-server,osm-mcp-server_analyze_commute,"
Perform a detailed commute analysis between home and work locations.

This advanced tool analyzes commute options between two locations (typically home and work),
comparing multiple transportation modes and providing detailed metrics for each option.
Includes estimated travel times, distances, turn-by-turn directions, and other commute-relevant
data. Essential for real estate decisions, lifestyle planning, and workplace relocation analysis.

Args:
    home_latitude: Home location latitude (decimal degrees)
    home_longitude: Home location longitude (decimal degrees)
    work_latitude: Workplace location latitude (decimal degrees)
    work_longitude: Workplace location longitude (decimal degrees)
    modes: List of transportation modes to analyze (options: ""car"", ""foot"", ""bike"")
    depart_at: Optional departure time (format: ""HH:MM"") for time-sensitive routing
    
Returns:
    Comprehensive commute analysis with:
    - Summary comparing all transportation modes
    - Detailed route information for each mode
    - Total distance and duration for each option
    - Turn-by-turn directions
",modes,Input,Array,,Optional
osm-mcp-server,osm-mcp-server_analyze_commute,"
Perform a detailed commute analysis between home and work locations.

This advanced tool analyzes commute options between two locations (typically home and work),
comparing multiple transportation modes and providing detailed metrics for each option.
Includes estimated travel times, distances, turn-by-turn directions, and other commute-relevant
data. Essential for real estate decisions, lifestyle planning, and workplace relocation analysis.

Args:
    home_latitude: Home location latitude (decimal degrees)
    home_longitude: Home location longitude (decimal degrees)
    work_latitude: Workplace location latitude (decimal degrees)
    work_longitude: Workplace location longitude (decimal degrees)
    modes: List of transportation modes to analyze (options: ""car"", ""foot"", ""bike"")
    depart_at: Optional departure time (format: ""HH:MM"") for time-sensitive routing
    
Returns:
    Comprehensive commute analysis with:
    - Summary comparing all transportation modes
    - Detailed route information for each mode
    - Total distance and duration for each option
    - Turn-by-turn directions
",work_latitude,Input,Number,,Required
osm-mcp-server,osm-mcp-server_analyze_commute,"
Perform a detailed commute analysis between home and work locations.

This advanced tool analyzes commute options between two locations (typically home and work),
comparing multiple transportation modes and providing detailed metrics for each option.
Includes estimated travel times, distances, turn-by-turn directions, and other commute-relevant
data. Essential for real estate decisions, lifestyle planning, and workplace relocation analysis.

Args:
    home_latitude: Home location latitude (decimal degrees)
    home_longitude: Home location longitude (decimal degrees)
    work_latitude: Workplace location latitude (decimal degrees)
    work_longitude: Workplace location longitude (decimal degrees)
    modes: List of transportation modes to analyze (options: ""car"", ""foot"", ""bike"")
    depart_at: Optional departure time (format: ""HH:MM"") for time-sensitive routing
    
Returns:
    Comprehensive commute analysis with:
    - Summary comparing all transportation modes
    - Detailed route information for each mode
    - Total distance and duration for each option
    - Turn-by-turn directions
",work_longitude,Input,Number,,Required
osm-mcp-server,osm-mcp-server_analyze_neighborhood,"
Generate a comprehensive neighborhood analysis focused on livability factors.

This advanced analysis tool evaluates a neighborhood based on multiple livability factors,
including amenities, transportation options, green spaces, and services. Results include
counts and proximity scores for various categories, helping to assess the overall quality
and convenience of a residential area. Invaluable for real estate decisions, relocation
planning, and neighborhood comparisons.

Args:
    latitude: Center point latitude (decimal degrees)
    longitude: Center point longitude (decimal degrees)
    radius: Analysis radius in meters (defaults to 1000m/1km)
    
Returns:
    Comprehensive neighborhood profile including:
    - Overall neighborhood score
    - Walkability assessment
    - Public transportation access
    - Nearby amenities (shops, restaurants, services)
    - Green spaces and recreation
    - Education and healthcare facilities
    - Detailed counts and distance metrics for each category
",latitude,Input,Number,,Required
osm-mcp-server,osm-mcp-server_analyze_neighborhood,"
Generate a comprehensive neighborhood analysis focused on livability factors.

This advanced analysis tool evaluates a neighborhood based on multiple livability factors,
including amenities, transportation options, green spaces, and services. Results include
counts and proximity scores for various categories, helping to assess the overall quality
and convenience of a residential area. Invaluable for real estate decisions, relocation
planning, and neighborhood comparisons.

Args:
    latitude: Center point latitude (decimal degrees)
    longitude: Center point longitude (decimal degrees)
    radius: Analysis radius in meters (defaults to 1000m/1km)
    
Returns:
    Comprehensive neighborhood profile including:
    - Overall neighborhood score
    - Walkability assessment
    - Public transportation access
    - Nearby amenities (shops, restaurants, services)
    - Green spaces and recreation
    - Education and healthcare facilities
    - Detailed counts and distance metrics for each category
",longitude,Input,Number,,Required
osm-mcp-server,osm-mcp-server_analyze_neighborhood,"
Generate a comprehensive neighborhood analysis focused on livability factors.

This advanced analysis tool evaluates a neighborhood based on multiple livability factors,
including amenities, transportation options, green spaces, and services. Results include
counts and proximity scores for various categories, helping to assess the overall quality
and convenience of a residential area. Invaluable for real estate decisions, relocation
planning, and neighborhood comparisons.

Args:
    latitude: Center point latitude (decimal degrees)
    longitude: Center point longitude (decimal degrees)
    radius: Analysis radius in meters (defaults to 1000m/1km)
    
Returns:
    Comprehensive neighborhood profile including:
    - Overall neighborhood score
    - Walkability assessment
    - Public transportation access
    - Nearby amenities (shops, restaurants, services)
    - Green spaces and recreation
    - Education and healthcare facilities
    - Detailed counts and distance metrics for each category
",radius,Input,Number,,Optional
osm-mcp-server,osm-mcp-server_explore_area,"
Generate a comprehensive profile of an area including all amenities and features.

This powerful analysis tool creates a detailed overview of a neighborhood or area by
identifying and categorizing all geographic features, amenities, and points of interest.
Results are organized by category for easy analysis. Excellent for neighborhood research,
area comparisons, and location-based decision making.

Args:
    latitude: Center point latitude (decimal degrees)
    longitude: Center point longitude (decimal degrees)
    radius: Search radius in meters (defaults to 500m)
    
Returns:
    In-depth area profile including:
    - Address and location context
    - Total feature count
    - Features organized by category and subcategory
    - Each feature includes name, coordinates, and detailed metadata
",latitude,Input,Number,,Required
osm-mcp-server,osm-mcp-server_explore_area,"
Generate a comprehensive profile of an area including all amenities and features.

This powerful analysis tool creates a detailed overview of a neighborhood or area by
identifying and categorizing all geographic features, amenities, and points of interest.
Results are organized by category for easy analysis. Excellent for neighborhood research,
area comparisons, and location-based decision making.

Args:
    latitude: Center point latitude (decimal degrees)
    longitude: Center point longitude (decimal degrees)
    radius: Search radius in meters (defaults to 500m)
    
Returns:
    In-depth area profile including:
    - Address and location context
    - Total feature count
    - Features organized by category and subcategory
    - Each feature includes name, coordinates, and detailed metadata
",longitude,Input,Number,,Required
osm-mcp-server,osm-mcp-server_explore_area,"
Generate a comprehensive profile of an area including all amenities and features.

This powerful analysis tool creates a detailed overview of a neighborhood or area by
identifying and categorizing all geographic features, amenities, and points of interest.
Results are organized by category for easy analysis. Excellent for neighborhood research,
area comparisons, and location-based decision making.

Args:
    latitude: Center point latitude (decimal degrees)
    longitude: Center point longitude (decimal degrees)
    radius: Search radius in meters (defaults to 500m)
    
Returns:
    In-depth area profile including:
    - Address and location context
    - Total feature count
    - Features organized by category and subcategory
    - Each feature includes name, coordinates, and detailed metadata
",radius,Input,Number,,Optional
osm-mcp-server,osm-mcp-server_find_ev_charging_stations,"
Locate electric vehicle charging stations near a specific location.

This specialized search tool identifies EV charging infrastructure within a specified
distance from a location. Results can be filtered by connector type (Tesla, CCS, CHAdeMO, etc.)
and minimum power delivery. Essential for EV owners planning trips or evaluating potential
charging stops.

Args:
    latitude: Center point latitude (decimal degrees)
    longitude: Center point longitude (decimal degrees)
    radius: Search radius in meters (defaults to 5000m/5km)
    connector_types: Optional list of specific connector types to filter by
                    (e.g., [""type2"", ""ccs"", ""tesla""])
    min_power: Minimum charging power in kW
    
Returns:
    List of charging stations with:
    - Location name and operator
    - Available connector types
    - Charging speeds
    - Number of charging points
    - Access restrictions
    - Other relevant metadata
",connector_types,Input,Array,,Optional
osm-mcp-server,osm-mcp-server_find_ev_charging_stations,"
Locate electric vehicle charging stations near a specific location.

This specialized search tool identifies EV charging infrastructure within a specified
distance from a location. Results can be filtered by connector type (Tesla, CCS, CHAdeMO, etc.)
and minimum power delivery. Essential for EV owners planning trips or evaluating potential
charging stops.

Args:
    latitude: Center point latitude (decimal degrees)
    longitude: Center point longitude (decimal degrees)
    radius: Search radius in meters (defaults to 5000m/5km)
    connector_types: Optional list of specific connector types to filter by
                    (e.g., [""type2"", ""ccs"", ""tesla""])
    min_power: Minimum charging power in kW
    
Returns:
    List of charging stations with:
    - Location name and operator
    - Available connector types
    - Charging speeds
    - Number of charging points
    - Access restrictions
    - Other relevant metadata
",latitude,Input,Number,,Required
osm-mcp-server,osm-mcp-server_find_ev_charging_stations,"
Locate electric vehicle charging stations near a specific location.

This specialized search tool identifies EV charging infrastructure within a specified
distance from a location. Results can be filtered by connector type (Tesla, CCS, CHAdeMO, etc.)
and minimum power delivery. Essential for EV owners planning trips or evaluating potential
charging stops.

Args:
    latitude: Center point latitude (decimal degrees)
    longitude: Center point longitude (decimal degrees)
    radius: Search radius in meters (defaults to 5000m/5km)
    connector_types: Optional list of specific connector types to filter by
                    (e.g., [""type2"", ""ccs"", ""tesla""])
    min_power: Minimum charging power in kW
    
Returns:
    List of charging stations with:
    - Location name and operator
    - Available connector types
    - Charging speeds
    - Number of charging points
    - Access restrictions
    - Other relevant metadata
",longitude,Input,Number,,Required
osm-mcp-server,osm-mcp-server_find_ev_charging_stations,"
Locate electric vehicle charging stations near a specific location.

This specialized search tool identifies EV charging infrastructure within a specified
distance from a location. Results can be filtered by connector type (Tesla, CCS, CHAdeMO, etc.)
and minimum power delivery. Essential for EV owners planning trips or evaluating potential
charging stops.

Args:
    latitude: Center point latitude (decimal degrees)
    longitude: Center point longitude (decimal degrees)
    radius: Search radius in meters (defaults to 5000m/5km)
    connector_types: Optional list of specific connector types to filter by
                    (e.g., [""type2"", ""ccs"", ""tesla""])
    min_power: Minimum charging power in kW
    
Returns:
    List of charging stations with:
    - Location name and operator
    - Available connector types
    - Charging speeds
    - Number of charging points
    - Access restrictions
    - Other relevant metadata
",min_power,Input,Number,,Optional
osm-mcp-server,osm-mcp-server_find_ev_charging_stations,"
Locate electric vehicle charging stations near a specific location.

This specialized search tool identifies EV charging infrastructure within a specified
distance from a location. Results can be filtered by connector type (Tesla, CCS, CHAdeMO, etc.)
and minimum power delivery. Essential for EV owners planning trips or evaluating potential
charging stops.

Args:
    latitude: Center point latitude (decimal degrees)
    longitude: Center point longitude (decimal degrees)
    radius: Search radius in meters (defaults to 5000m/5km)
    connector_types: Optional list of specific connector types to filter by
                    (e.g., [""type2"", ""ccs"", ""tesla""])
    min_power: Minimum charging power in kW
    
Returns:
    List of charging stations with:
    - Location name and operator
    - Available connector types
    - Charging speeds
    - Number of charging points
    - Access restrictions
    - Other relevant metadata
",radius,Input,Number,,Optional
osm-mcp-server,osm-mcp-server_find_nearby_places,"
Discover points of interest and amenities near a specific location.

This tool performs a comprehensive search around a geographic point to identify
nearby establishments, amenities, and points of interest. Results are organized by
category and subcategory, making it easy to find specific types of places. Essential
for location-based recommendations, neighborhood analysis, and proximity-based decision making.

Args:
    latitude: Center point latitude (decimal degrees)
    longitude: Center point longitude (decimal degrees)
    radius: Search radius in meters (defaults to 1000m/1km)
    categories: List of OSM categories to search for (e.g., [""amenity"", ""shop"", ""tourism""]).
               If omitted, searches common categories.
    limit: Maximum number of total results to return
    
Returns:
    Structured dictionary containing:
    - Original query parameters
    - Total count of places found
    - Results grouped by category and subcategory
    - Each place includes name, coordinates, and associated tags
",categories,Input,Array,,Optional
osm-mcp-server,osm-mcp-server_find_nearby_places,"
Discover points of interest and amenities near a specific location.

This tool performs a comprehensive search around a geographic point to identify
nearby establishments, amenities, and points of interest. Results are organized by
category and subcategory, making it easy to find specific types of places. Essential
for location-based recommendations, neighborhood analysis, and proximity-based decision making.

Args:
    latitude: Center point latitude (decimal degrees)
    longitude: Center point longitude (decimal degrees)
    radius: Search radius in meters (defaults to 1000m/1km)
    categories: List of OSM categories to search for (e.g., [""amenity"", ""shop"", ""tourism""]).
               If omitted, searches common categories.
    limit: Maximum number of total results to return
    
Returns:
    Structured dictionary containing:
    - Original query parameters
    - Total count of places found
    - Results grouped by category and subcategory
    - Each place includes name, coordinates, and associated tags
",latitude,Input,Number,,Required
osm-mcp-server,osm-mcp-server_find_nearby_places,"
Discover points of interest and amenities near a specific location.

This tool performs a comprehensive search around a geographic point to identify
nearby establishments, amenities, and points of interest. Results are organized by
category and subcategory, making it easy to find specific types of places. Essential
for location-based recommendations, neighborhood analysis, and proximity-based decision making.

Args:
    latitude: Center point latitude (decimal degrees)
    longitude: Center point longitude (decimal degrees)
    radius: Search radius in meters (defaults to 1000m/1km)
    categories: List of OSM categories to search for (e.g., [""amenity"", ""shop"", ""tourism""]).
               If omitted, searches common categories.
    limit: Maximum number of total results to return
    
Returns:
    Structured dictionary containing:
    - Original query parameters
    - Total count of places found
    - Results grouped by category and subcategory
    - Each place includes name, coordinates, and associated tags
",limit,Input,Integer,,Optional
osm-mcp-server,osm-mcp-server_find_nearby_places,"
Discover points of interest and amenities near a specific location.

This tool performs a comprehensive search around a geographic point to identify
nearby establishments, amenities, and points of interest. Results are organized by
category and subcategory, making it easy to find specific types of places. Essential
for location-based recommendations, neighborhood analysis, and proximity-based decision making.

Args:
    latitude: Center point latitude (decimal degrees)
    longitude: Center point longitude (decimal degrees)
    radius: Search radius in meters (defaults to 1000m/1km)
    categories: List of OSM categories to search for (e.g., [""amenity"", ""shop"", ""tourism""]).
               If omitted, searches common categories.
    limit: Maximum number of total results to return
    
Returns:
    Structured dictionary containing:
    - Original query parameters
    - Total count of places found
    - Results grouped by category and subcategory
    - Each place includes name, coordinates, and associated tags
",longitude,Input,Number,,Required
osm-mcp-server,osm-mcp-server_find_nearby_places,"
Discover points of interest and amenities near a specific location.

This tool performs a comprehensive search around a geographic point to identify
nearby establishments, amenities, and points of interest. Results are organized by
category and subcategory, making it easy to find specific types of places. Essential
for location-based recommendations, neighborhood analysis, and proximity-based decision making.

Args:
    latitude: Center point latitude (decimal degrees)
    longitude: Center point longitude (decimal degrees)
    radius: Search radius in meters (defaults to 1000m/1km)
    categories: List of OSM categories to search for (e.g., [""amenity"", ""shop"", ""tourism""]).
               If omitted, searches common categories.
    limit: Maximum number of total results to return
    
Returns:
    Structured dictionary containing:
    - Original query parameters
    - Total count of places found
    - Results grouped by category and subcategory
    - Each place includes name, coordinates, and associated tags
",radius,Input,Number,,Optional
osm-mcp-server,osm-mcp-server_find_parking_facilities,"
Locate parking facilities near a specific location.

This tool finds parking options (lots, garages, street parking) near a specified location.
Results can be filtered by parking type and include capacity information where available.
Useful for trip planning, city navigation, and evaluating parking availability in urban areas.

Args:
    latitude: Center point latitude (decimal degrees)
    longitude: Center point longitude (decimal degrees)
    radius: Search radius in meters (defaults to 1000m/1km)
    parking_type: Optional filter for specific types of parking facilities
                 (""surface"", ""underground"", ""multi-storey"", etc.)
    
Returns:
    List of parking facilities with:
    - Name and type
    - Capacity information if available
    - Fee structure if available
    - Access restrictions
    - Distance from search point
",latitude,Input,Number,,Required
osm-mcp-server,osm-mcp-server_find_parking_facilities,"
Locate parking facilities near a specific location.

This tool finds parking options (lots, garages, street parking) near a specified location.
Results can be filtered by parking type and include capacity information where available.
Useful for trip planning, city navigation, and evaluating parking availability in urban areas.

Args:
    latitude: Center point latitude (decimal degrees)
    longitude: Center point longitude (decimal degrees)
    radius: Search radius in meters (defaults to 1000m/1km)
    parking_type: Optional filter for specific types of parking facilities
                 (""surface"", ""underground"", ""multi-storey"", etc.)
    
Returns:
    List of parking facilities with:
    - Name and type
    - Capacity information if available
    - Fee structure if available
    - Access restrictions
    - Distance from search point
",longitude,Input,Number,,Required
osm-mcp-server,osm-mcp-server_find_parking_facilities,"
Locate parking facilities near a specific location.

This tool finds parking options (lots, garages, street parking) near a specified location.
Results can be filtered by parking type and include capacity information where available.
Useful for trip planning, city navigation, and evaluating parking availability in urban areas.

Args:
    latitude: Center point latitude (decimal degrees)
    longitude: Center point longitude (decimal degrees)
    radius: Search radius in meters (defaults to 1000m/1km)
    parking_type: Optional filter for specific types of parking facilities
                 (""surface"", ""underground"", ""multi-storey"", etc.)
    
Returns:
    List of parking facilities with:
    - Name and type
    - Capacity information if available
    - Fee structure if available
    - Access restrictions
    - Distance from search point
",parking_type,Input,String,,Optional
osm-mcp-server,osm-mcp-server_find_parking_facilities,"
Locate parking facilities near a specific location.

This tool finds parking options (lots, garages, street parking) near a specified location.
Results can be filtered by parking type and include capacity information where available.
Useful for trip planning, city navigation, and evaluating parking availability in urban areas.

Args:
    latitude: Center point latitude (decimal degrees)
    longitude: Center point longitude (decimal degrees)
    radius: Search radius in meters (defaults to 1000m/1km)
    parking_type: Optional filter for specific types of parking facilities
                 (""surface"", ""underground"", ""multi-storey"", etc.)
    
Returns:
    List of parking facilities with:
    - Name and type
    - Capacity information if available
    - Fee structure if available
    - Access restrictions
    - Distance from search point
",radius,Input,Number,,Optional
osm-mcp-server,osm-mcp-server_find_schools_nearby,"
Locate educational institutions near a specific location, filtered by education level.

This specialized search tool identifies schools, colleges, and other educational institutions
within a specified distance from a location. Results can be filtered by education level
(elementary, middle, high school, university, etc.). Essential for families evaluating
neighborhoods or real estate purchases with education considerations.

Args:
    latitude: Center point latitude (decimal degrees)
    longitude: Center point longitude (decimal degrees)
    radius: Search radius in meters (defaults to 2000m/2km)
    education_levels: Optional list of specific education levels to filter by
                     (e.g., [""elementary"", ""secondary"", ""university""])
    
Returns:
    List of educational institutions with:
    - Name and type
    - Distance from search point
    - Education levels offered
    - Contact information if available
    - Other relevant metadata
",education_levels,Input,Array,,Optional
osm-mcp-server,osm-mcp-server_find_schools_nearby,"
Locate educational institutions near a specific location, filtered by education level.

This specialized search tool identifies schools, colleges, and other educational institutions
within a specified distance from a location. Results can be filtered by education level
(elementary, middle, high school, university, etc.). Essential for families evaluating
neighborhoods or real estate purchases with education considerations.

Args:
    latitude: Center point latitude (decimal degrees)
    longitude: Center point longitude (decimal degrees)
    radius: Search radius in meters (defaults to 2000m/2km)
    education_levels: Optional list of specific education levels to filter by
                     (e.g., [""elementary"", ""secondary"", ""university""])
    
Returns:
    List of educational institutions with:
    - Name and type
    - Distance from search point
    - Education levels offered
    - Contact information if available
    - Other relevant metadata
",latitude,Input,Number,,Required
osm-mcp-server,osm-mcp-server_find_schools_nearby,"
Locate educational institutions near a specific location, filtered by education level.

This specialized search tool identifies schools, colleges, and other educational institutions
within a specified distance from a location. Results can be filtered by education level
(elementary, middle, high school, university, etc.). Essential for families evaluating
neighborhoods or real estate purchases with education considerations.

Args:
    latitude: Center point latitude (decimal degrees)
    longitude: Center point longitude (decimal degrees)
    radius: Search radius in meters (defaults to 2000m/2km)
    education_levels: Optional list of specific education levels to filter by
                     (e.g., [""elementary"", ""secondary"", ""university""])
    
Returns:
    List of educational institutions with:
    - Name and type
    - Distance from search point
    - Education levels offered
    - Contact information if available
    - Other relevant metadata
",longitude,Input,Number,,Required
osm-mcp-server,osm-mcp-server_find_schools_nearby,"
Locate educational institutions near a specific location, filtered by education level.

This specialized search tool identifies schools, colleges, and other educational institutions
within a specified distance from a location. Results can be filtered by education level
(elementary, middle, high school, university, etc.). Essential for families evaluating
neighborhoods or real estate purchases with education considerations.

Args:
    latitude: Center point latitude (decimal degrees)
    longitude: Center point longitude (decimal degrees)
    radius: Search radius in meters (defaults to 2000m/2km)
    education_levels: Optional list of specific education levels to filter by
                     (e.g., [""elementary"", ""secondary"", ""university""])
    
Returns:
    List of educational institutions with:
    - Name and type
    - Distance from search point
    - Education levels offered
    - Contact information if available
    - Other relevant metadata
",radius,Input,Number,,Optional
osm-mcp-server,osm-mcp-server_geocode_address,"
Convert an address or place name to geographic coordinates with detailed location information.

This tool takes a text description of a location (such as an address, landmark name, or
place of interest) and returns its precise geographic coordinates along with rich metadata.
The results can be used for mapping, navigation, location-based analysis, and as input to
other geospatial tools.

Args:
    address: The address, place name, landmark, or description to geocode (e.g., ""Empire State Building"", 
            ""123 Main St, Springfield"", ""Golden Gate Park, San Francisco"")
    
Returns:
    List of matching locations with:
    - Geographic coordinates (latitude/longitude)
    - Formatted address
    - Administrative boundaries (city, state, country)
    - OSM type and ID
    - Bounding box (if applicable)
    - Importance ranking
",address,Input,String,,Required
osm-mcp-server,osm-mcp-server_get_route_directions,"
Calculate detailed route directions between two geographic points.

This tool provides comprehensive turn-by-turn navigation directions between any two locations
on Earth. It calculates the optimal route based on the specified transportation mode and
returns detailed information about distance, duration, maneuvers, and the route geometry.
Perfect for trip planning, navigation assistance, and commute analysis.

Args:
    from_latitude: Starting point latitude (decimal degrees)
    from_longitude: Starting point longitude (decimal degrees)
    to_latitude: Destination latitude (decimal degrees)
    to_longitude: Destination longitude (decimal degrees)
    mode: Transportation mode - options include:
          - ""car"" (default): Standard automobile routing
          - ""bike"": Bicycle-friendly routes
          - ""foot"": Pedestrian walking paths
    
Returns:
    Comprehensive routing information including:
    - Summary with total distance (meters) and duration (seconds)
    - Turn-by-turn directions with individual segments
    - Route geometry for mapping visualization
    - Waypoint information
",from_latitude,Input,Number,,Required
osm-mcp-server,osm-mcp-server_get_route_directions,"
Calculate detailed route directions between two geographic points.

This tool provides comprehensive turn-by-turn navigation directions between any two locations
on Earth. It calculates the optimal route based on the specified transportation mode and
returns detailed information about distance, duration, maneuvers, and the route geometry.
Perfect for trip planning, navigation assistance, and commute analysis.

Args:
    from_latitude: Starting point latitude (decimal degrees)
    from_longitude: Starting point longitude (decimal degrees)
    to_latitude: Destination latitude (decimal degrees)
    to_longitude: Destination longitude (decimal degrees)
    mode: Transportation mode - options include:
          - ""car"" (default): Standard automobile routing
          - ""bike"": Bicycle-friendly routes
          - ""foot"": Pedestrian walking paths
    
Returns:
    Comprehensive routing information including:
    - Summary with total distance (meters) and duration (seconds)
    - Turn-by-turn directions with individual segments
    - Route geometry for mapping visualization
    - Waypoint information
",from_longitude,Input,Number,,Required
osm-mcp-server,osm-mcp-server_get_route_directions,"
Calculate detailed route directions between two geographic points.

This tool provides comprehensive turn-by-turn navigation directions between any two locations
on Earth. It calculates the optimal route based on the specified transportation mode and
returns detailed information about distance, duration, maneuvers, and the route geometry.
Perfect for trip planning, navigation assistance, and commute analysis.

Args:
    from_latitude: Starting point latitude (decimal degrees)
    from_longitude: Starting point longitude (decimal degrees)
    to_latitude: Destination latitude (decimal degrees)
    to_longitude: Destination longitude (decimal degrees)
    mode: Transportation mode - options include:
          - ""car"" (default): Standard automobile routing
          - ""bike"": Bicycle-friendly routes
          - ""foot"": Pedestrian walking paths
    
Returns:
    Comprehensive routing information including:
    - Summary with total distance (meters) and duration (seconds)
    - Turn-by-turn directions with individual segments
    - Route geometry for mapping visualization
    - Waypoint information
",mode,Input,String,,Optional
osm-mcp-server,osm-mcp-server_get_route_directions,"
Calculate detailed route directions between two geographic points.

This tool provides comprehensive turn-by-turn navigation directions between any two locations
on Earth. It calculates the optimal route based on the specified transportation mode and
returns detailed information about distance, duration, maneuvers, and the route geometry.
Perfect for trip planning, navigation assistance, and commute analysis.

Args:
    from_latitude: Starting point latitude (decimal degrees)
    from_longitude: Starting point longitude (decimal degrees)
    to_latitude: Destination latitude (decimal degrees)
    to_longitude: Destination longitude (decimal degrees)
    mode: Transportation mode - options include:
          - ""car"" (default): Standard automobile routing
          - ""bike"": Bicycle-friendly routes
          - ""foot"": Pedestrian walking paths
    
Returns:
    Comprehensive routing information including:
    - Summary with total distance (meters) and duration (seconds)
    - Turn-by-turn directions with individual segments
    - Route geometry for mapping visualization
    - Waypoint information
",to_latitude,Input,Number,,Required
osm-mcp-server,osm-mcp-server_get_route_directions,"
Calculate detailed route directions between two geographic points.

This tool provides comprehensive turn-by-turn navigation directions between any two locations
on Earth. It calculates the optimal route based on the specified transportation mode and
returns detailed information about distance, duration, maneuvers, and the route geometry.
Perfect for trip planning, navigation assistance, and commute analysis.

Args:
    from_latitude: Starting point latitude (decimal degrees)
    from_longitude: Starting point longitude (decimal degrees)
    to_latitude: Destination latitude (decimal degrees)
    to_longitude: Destination longitude (decimal degrees)
    mode: Transportation mode - options include:
          - ""car"" (default): Standard automobile routing
          - ""bike"": Bicycle-friendly routes
          - ""foot"": Pedestrian walking paths
    
Returns:
    Comprehensive routing information including:
    - Summary with total distance (meters) and duration (seconds)
    - Turn-by-turn directions with individual segments
    - Route geometry for mapping visualization
    - Waypoint information
",to_longitude,Input,Number,,Required
osm-mcp-server,osm-mcp-server_reverse_geocode,"
Convert geographic coordinates to a detailed address and location description.

This tool takes a specific point on Earth (latitude and longitude) and returns 
comprehensive information about that location, including its address, nearby landmarks,
administrative boundaries, and other contextual information. Useful for translating
GPS coordinates into human-readable locations.

Args:
    latitude: The latitude coordinate (decimal degrees, WGS84)
    longitude: The longitude coordinate (decimal degrees, WGS84)
    
Returns:
    Detailed address and location information including:
    - Formatted address
    - Building, street, city, state, country
    - Administrative hierarchy
    - OSM metadata
    - Postal code and other relevant identifiers
",latitude,Input,Number,,Required
osm-mcp-server,osm-mcp-server_reverse_geocode,"
Convert geographic coordinates to a detailed address and location description.

This tool takes a specific point on Earth (latitude and longitude) and returns 
comprehensive information about that location, including its address, nearby landmarks,
administrative boundaries, and other contextual information. Useful for translating
GPS coordinates into human-readable locations.

Args:
    latitude: The latitude coordinate (decimal degrees, WGS84)
    longitude: The longitude coordinate (decimal degrees, WGS84)
    
Returns:
    Detailed address and location information including:
    - Formatted address
    - Building, street, city, state, country
    - Administrative hierarchy
    - OSM metadata
    - Postal code and other relevant identifiers
",longitude,Input,Number,,Required
osm-mcp-server,osm-mcp-server_search_category,"
Search for specific types of places within a defined geographic area.

This tool allows targeted searches for places matching specific categories within
a rectangular geographic region. It's particularly useful for filtering places by type
(restaurants, schools, parks, etc.) within a neighborhood or city district. Results include
complete location details and metadata about each matching place.

Args:
    category: Main OSM category to search for (e.g., ""amenity"", ""shop"", ""tourism"", ""building"")
    min_latitude: Southern boundary of search area (decimal degrees)
    min_longitude: Western boundary of search area (decimal degrees)
    max_latitude: Northern boundary of search area (decimal degrees)
    max_longitude: Eastern boundary of search area (decimal degrees)
    subcategories: Optional list of specific subcategories to filter by (e.g., [""restaurant"", ""cafe""])
    
Returns:
    Structured results including:
    - Query parameters
    - Count of matching places
    - List of matching places with coordinates, names, and metadata
",category,Input,String,,Required
osm-mcp-server,osm-mcp-server_search_category,"
Search for specific types of places within a defined geographic area.

This tool allows targeted searches for places matching specific categories within
a rectangular geographic region. It's particularly useful for filtering places by type
(restaurants, schools, parks, etc.) within a neighborhood or city district. Results include
complete location details and metadata about each matching place.

Args:
    category: Main OSM category to search for (e.g., ""amenity"", ""shop"", ""tourism"", ""building"")
    min_latitude: Southern boundary of search area (decimal degrees)
    min_longitude: Western boundary of search area (decimal degrees)
    max_latitude: Northern boundary of search area (decimal degrees)
    max_longitude: Eastern boundary of search area (decimal degrees)
    subcategories: Optional list of specific subcategories to filter by (e.g., [""restaurant"", ""cafe""])
    
Returns:
    Structured results including:
    - Query parameters
    - Count of matching places
    - List of matching places with coordinates, names, and metadata
",max_latitude,Input,Number,,Required
osm-mcp-server,osm-mcp-server_search_category,"
Search for specific types of places within a defined geographic area.

This tool allows targeted searches for places matching specific categories within
a rectangular geographic region. It's particularly useful for filtering places by type
(restaurants, schools, parks, etc.) within a neighborhood or city district. Results include
complete location details and metadata about each matching place.

Args:
    category: Main OSM category to search for (e.g., ""amenity"", ""shop"", ""tourism"", ""building"")
    min_latitude: Southern boundary of search area (decimal degrees)
    min_longitude: Western boundary of search area (decimal degrees)
    max_latitude: Northern boundary of search area (decimal degrees)
    max_longitude: Eastern boundary of search area (decimal degrees)
    subcategories: Optional list of specific subcategories to filter by (e.g., [""restaurant"", ""cafe""])
    
Returns:
    Structured results including:
    - Query parameters
    - Count of matching places
    - List of matching places with coordinates, names, and metadata
",max_longitude,Input,Number,,Required
osm-mcp-server,osm-mcp-server_search_category,"
Search for specific types of places within a defined geographic area.

This tool allows targeted searches for places matching specific categories within
a rectangular geographic region. It's particularly useful for filtering places by type
(restaurants, schools, parks, etc.) within a neighborhood or city district. Results include
complete location details and metadata about each matching place.

Args:
    category: Main OSM category to search for (e.g., ""amenity"", ""shop"", ""tourism"", ""building"")
    min_latitude: Southern boundary of search area (decimal degrees)
    min_longitude: Western boundary of search area (decimal degrees)
    max_latitude: Northern boundary of search area (decimal degrees)
    max_longitude: Eastern boundary of search area (decimal degrees)
    subcategories: Optional list of specific subcategories to filter by (e.g., [""restaurant"", ""cafe""])
    
Returns:
    Structured results including:
    - Query parameters
    - Count of matching places
    - List of matching places with coordinates, names, and metadata
",min_latitude,Input,Number,,Required
osm-mcp-server,osm-mcp-server_search_category,"
Search for specific types of places within a defined geographic area.

This tool allows targeted searches for places matching specific categories within
a rectangular geographic region. It's particularly useful for filtering places by type
(restaurants, schools, parks, etc.) within a neighborhood or city district. Results include
complete location details and metadata about each matching place.

Args:
    category: Main OSM category to search for (e.g., ""amenity"", ""shop"", ""tourism"", ""building"")
    min_latitude: Southern boundary of search area (decimal degrees)
    min_longitude: Western boundary of search area (decimal degrees)
    max_latitude: Northern boundary of search area (decimal degrees)
    max_longitude: Eastern boundary of search area (decimal degrees)
    subcategories: Optional list of specific subcategories to filter by (e.g., [""restaurant"", ""cafe""])
    
Returns:
    Structured results including:
    - Query parameters
    - Count of matching places
    - List of matching places with coordinates, names, and metadata
",min_longitude,Input,Number,,Required
osm-mcp-server,osm-mcp-server_search_category,"
Search for specific types of places within a defined geographic area.

This tool allows targeted searches for places matching specific categories within
a rectangular geographic region. It's particularly useful for filtering places by type
(restaurants, schools, parks, etc.) within a neighborhood or city district. Results include
complete location details and metadata about each matching place.

Args:
    category: Main OSM category to search for (e.g., ""amenity"", ""shop"", ""tourism"", ""building"")
    min_latitude: Southern boundary of search area (decimal degrees)
    min_longitude: Western boundary of search area (decimal degrees)
    max_latitude: Northern boundary of search area (decimal degrees)
    max_longitude: Eastern boundary of search area (decimal degrees)
    subcategories: Optional list of specific subcategories to filter by (e.g., [""restaurant"", ""cafe""])
    
Returns:
    Structured results including:
    - Query parameters
    - Count of matching places
    - List of matching places with coordinates, names, and metadata
",subcategories,Input,Array,,Optional
osm-mcp-server,osm-mcp-server_suggest_meeting_point,"
Find the optimal meeting place for multiple people coming from different locations.

This tool calculates a central meeting point based on the locations of multiple individuals,
then recommends suitable venues near that central point. Ideal for planning social gatherings,
business meetings, or any situation where multiple people need to converge from different
starting points.

Args:
    locations: List of dictionaries, each containing the latitude and longitude of a person's location
              Example: [{""latitude"": 37.7749, ""longitude"": -122.4194}, {""latitude"": 37.3352, ""longitude"": -121.8811}]
    venue_type: Type of venue to suggest as a meeting point. Options include:
               ""cafe"", ""restaurant"", ""bar"", ""library"", ""park"", etc.
    
Returns:
    Meeting point recommendations including:
    - Calculated center point coordinates
    - List of suggested venues with names and details
    - Total number of matching venues in the area
",locations,Input,Array,,Required
osm-mcp-server,osm-mcp-server_suggest_meeting_point,"
Find the optimal meeting place for multiple people coming from different locations.

This tool calculates a central meeting point based on the locations of multiple individuals,
then recommends suitable venues near that central point. Ideal for planning social gatherings,
business meetings, or any situation where multiple people need to converge from different
starting points.

Args:
    locations: List of dictionaries, each containing the latitude and longitude of a person's location
              Example: [{""latitude"": 37.7749, ""longitude"": -122.4194}, {""latitude"": 37.3352, ""longitude"": -121.8811}]
    venue_type: Type of venue to suggest as a meeting point. Options include:
               ""cafe"", ""restaurant"", ""bar"", ""library"", ""park"", etc.
    
Returns:
    Meeting point recommendations including:
    - Calculated center point coordinates
    - List of suggested venues with names and details
    - Total number of matching venues in the area
",venue_type,Input,String,,Optional
oxylabs,oxylabs_amazon_product_scraper,"Scrape Amazon products.

Supports content parsing, different user agent types, domain,
geolocation, locale parameters and different output formats.
Supports Amazon specific parameters such as currency and getting
more accurate pricing data with auto select variant.
",autoselect_variant,Input,Boolean,"To get accurate pricing/buybox data, set this parameter to true.",Optional
oxylabs,oxylabs_amazon_product_scraper,"Scrape Amazon products.

Supports content parsing, different user agent types, domain,
geolocation, locale parameters and different output formats.
Supports Amazon specific parameters such as currency and getting
more accurate pricing data with auto select variant.
",currency,Input,String,Currency that will be used to display the prices.,Optional
oxylabs,oxylabs_amazon_product_scraper,"Scrape Amazon products.

Supports content parsing, different user agent types, domain,
geolocation, locale parameters and different output formats.
Supports Amazon specific parameters such as currency and getting
more accurate pricing data with auto select variant.
",domain,Input,String,"
        Domain localization for Google.
        Use country top level domains.
        For example:
            - 'co.uk' for United Kingdom
            - 'us' for United States
            - 'fr' for France
        ",Optional
oxylabs,oxylabs_amazon_product_scraper,"Scrape Amazon products.

Supports content parsing, different user agent types, domain,
geolocation, locale parameters and different output formats.
Supports Amazon specific parameters such as currency and getting
more accurate pricing data with auto select variant.
",geo_location,Input,String,"
        The geographical location that the result should be adapted for.
        Use ISO-3166 country codes.
        Examples:
            - 'California, United States'
            - 'Mexico'
            - 'US' for United States
            - 'DE' for Germany
            - 'FR' for France
        ",Optional
oxylabs,oxylabs_amazon_product_scraper,"Scrape Amazon products.

Supports content parsing, different user agent types, domain,
geolocation, locale parameters and different output formats.
Supports Amazon specific parameters such as currency and getting
more accurate pricing data with auto select variant.
",locale,Input,String,"
        Set 'Accept-Language' header value which changes your Google search page web interface language.
        Examples:
            - 'en-US' for English, United States
            - 'de-AT' for German, Austria
            - 'fr-FR' for French, France
        ",Optional
oxylabs,oxylabs_amazon_product_scraper,"Scrape Amazon products.

Supports content parsing, different user agent types, domain,
geolocation, locale parameters and different output formats.
Supports Amazon specific parameters such as currency and getting
more accurate pricing data with auto select variant.
",output_format,Input,String,"
        The format of the output. Works only when parse parameter is false.
            - links - Most efficient when the goal is navigation or finding specific URLs. Use this first when you need to locate a specific page within a website.
            - md - Best for extracting and reading visible content once you've found the right page. Use this to get structured content that's easy to read and process.
            - html - Should be used sparingly only when you need the raw HTML structure, JavaScript code, or styling information.
        ",Optional
oxylabs,oxylabs_amazon_product_scraper,"Scrape Amazon products.

Supports content parsing, different user agent types, domain,
geolocation, locale parameters and different output formats.
Supports Amazon specific parameters such as currency and getting
more accurate pricing data with auto select variant.
",parse,Input,Boolean,"Should result be parsed. If the result is not parsed, the output_format parameter is applied.",Optional
oxylabs,oxylabs_amazon_product_scraper,"Scrape Amazon products.

Supports content parsing, different user agent types, domain,
geolocation, locale parameters and different output formats.
Supports Amazon specific parameters such as currency and getting
more accurate pricing data with auto select variant.
",query,Input,String,Keyword to search for.,Required
oxylabs,oxylabs_amazon_product_scraper,"Scrape Amazon products.

Supports content parsing, different user agent types, domain,
geolocation, locale parameters and different output formats.
Supports Amazon specific parameters such as currency and getting
more accurate pricing data with auto select variant.
",render,Input,String,"
        Whether a headless browser should be used to render the page.
        For example:
            - 'html' when browser is required to render the page.
        ",Optional
oxylabs,oxylabs_amazon_product_scraper,"Scrape Amazon products.

Supports content parsing, different user agent types, domain,
geolocation, locale parameters and different output formats.
Supports Amazon specific parameters such as currency and getting
more accurate pricing data with auto select variant.
",user_agent_type,Input,String,Device type and browser that will be used to determine User-Agent header value.,Optional
oxylabs,oxylabs_amazon_search_scraper,"Scrape Amazon search results.

Supports content parsing, different user agent types, pagination,
domain, geolocation, locale parameters and different output formats.
Supports Amazon specific parameters such as category id, merchant id, currency.
",category_id,Input,String,Search for items in a particular browse node (product category).,Optional
oxylabs,oxylabs_amazon_search_scraper,"Scrape Amazon search results.

Supports content parsing, different user agent types, pagination,
domain, geolocation, locale parameters and different output formats.
Supports Amazon specific parameters such as category id, merchant id, currency.
",currency,Input,String,Currency that will be used to display the prices.,Optional
oxylabs,oxylabs_amazon_search_scraper,"Scrape Amazon search results.

Supports content parsing, different user agent types, pagination,
domain, geolocation, locale parameters and different output formats.
Supports Amazon specific parameters such as category id, merchant id, currency.
",domain,Input,String,"
        Domain localization for Google.
        Use country top level domains.
        For example:
            - 'co.uk' for United Kingdom
            - 'us' for United States
            - 'fr' for France
        ",Optional
oxylabs,oxylabs_amazon_search_scraper,"Scrape Amazon search results.

Supports content parsing, different user agent types, pagination,
domain, geolocation, locale parameters and different output formats.
Supports Amazon specific parameters such as category id, merchant id, currency.
",geo_location,Input,String,"
        The geographical location that the result should be adapted for.
        Use ISO-3166 country codes.
        Examples:
            - 'California, United States'
            - 'Mexico'
            - 'US' for United States
            - 'DE' for Germany
            - 'FR' for France
        ",Optional
oxylabs,oxylabs_amazon_search_scraper,"Scrape Amazon search results.

Supports content parsing, different user agent types, pagination,
domain, geolocation, locale parameters and different output formats.
Supports Amazon specific parameters such as category id, merchant id, currency.
",locale,Input,String,"
        Set 'Accept-Language' header value which changes your Google search page web interface language.
        Examples:
            - 'en-US' for English, United States
            - 'de-AT' for German, Austria
            - 'fr-FR' for French, France
        ",Optional
oxylabs,oxylabs_amazon_search_scraper,"Scrape Amazon search results.

Supports content parsing, different user agent types, pagination,
domain, geolocation, locale parameters and different output formats.
Supports Amazon specific parameters such as category id, merchant id, currency.
",merchant_id,Input,String,Search for items sold by a particular seller.,Optional
oxylabs,oxylabs_amazon_search_scraper,"Scrape Amazon search results.

Supports content parsing, different user agent types, pagination,
domain, geolocation, locale parameters and different output formats.
Supports Amazon specific parameters such as category id, merchant id, currency.
",output_format,Input,String,"
        The format of the output. Works only when parse parameter is false.
            - links - Most efficient when the goal is navigation or finding specific URLs. Use this first when you need to locate a specific page within a website.
            - md - Best for extracting and reading visible content once you've found the right page. Use this to get structured content that's easy to read and process.
            - html - Should be used sparingly only when you need the raw HTML structure, JavaScript code, or styling information.
        ",Optional
oxylabs,oxylabs_amazon_search_scraper,"Scrape Amazon search results.

Supports content parsing, different user agent types, pagination,
domain, geolocation, locale parameters and different output formats.
Supports Amazon specific parameters such as category id, merchant id, currency.
",pages,Input,Integer,Number of pages to retrieve.,Optional
oxylabs,oxylabs_amazon_search_scraper,"Scrape Amazon search results.

Supports content parsing, different user agent types, pagination,
domain, geolocation, locale parameters and different output formats.
Supports Amazon specific parameters such as category id, merchant id, currency.
",parse,Input,Boolean,"Should result be parsed. If the result is not parsed, the output_format parameter is applied.",Optional
oxylabs,oxylabs_amazon_search_scraper,"Scrape Amazon search results.

Supports content parsing, different user agent types, pagination,
domain, geolocation, locale parameters and different output formats.
Supports Amazon specific parameters such as category id, merchant id, currency.
",query,Input,String,Keyword to search for.,Required
oxylabs,oxylabs_amazon_search_scraper,"Scrape Amazon search results.

Supports content parsing, different user agent types, pagination,
domain, geolocation, locale parameters and different output formats.
Supports Amazon specific parameters such as category id, merchant id, currency.
",render,Input,String,"
        Whether a headless browser should be used to render the page.
        For example:
            - 'html' when browser is required to render the page.
        ",Optional
oxylabs,oxylabs_amazon_search_scraper,"Scrape Amazon search results.

Supports content parsing, different user agent types, pagination,
domain, geolocation, locale parameters and different output formats.
Supports Amazon specific parameters such as category id, merchant id, currency.
",start_page,Input,Integer,Starting page number.,Optional
oxylabs,oxylabs_amazon_search_scraper,"Scrape Amazon search results.

Supports content parsing, different user agent types, pagination,
domain, geolocation, locale parameters and different output formats.
Supports Amazon specific parameters such as category id, merchant id, currency.
",user_agent_type,Input,String,Device type and browser that will be used to determine User-Agent header value.,Optional
oxylabs,oxylabs_google_search_scraper,"Scrape Google Search results.

Supports content parsing, different user agent types, pagination,
domain, geolocation, locale parameters and different output formats.
",ad_mode,Input,Boolean,If true will use the Google Ads source optimized for the paid ads.,Optional
oxylabs,oxylabs_google_search_scraper,"Scrape Google Search results.

Supports content parsing, different user agent types, pagination,
domain, geolocation, locale parameters and different output formats.
",domain,Input,String,"
        Domain localization for Google.
        Use country top level domains.
        For example:
            - 'co.uk' for United Kingdom
            - 'us' for United States
            - 'fr' for France
        ",Optional
oxylabs,oxylabs_google_search_scraper,"Scrape Google Search results.

Supports content parsing, different user agent types, pagination,
domain, geolocation, locale parameters and different output formats.
",geo_location,Input,String,"
        The geographical location that the result should be adapted for.
        Use ISO-3166 country codes.
        Examples:
            - 'California, United States'
            - 'Mexico'
            - 'US' for United States
            - 'DE' for Germany
            - 'FR' for France
        ",Optional
oxylabs,oxylabs_google_search_scraper,"Scrape Google Search results.

Supports content parsing, different user agent types, pagination,
domain, geolocation, locale parameters and different output formats.
",limit,Input,Integer,Number of results to retrieve in each page.,Optional
oxylabs,oxylabs_google_search_scraper,"Scrape Google Search results.

Supports content parsing, different user agent types, pagination,
domain, geolocation, locale parameters and different output formats.
",locale,Input,String,"
        Set 'Accept-Language' header value which changes your Google search page web interface language.
        Examples:
            - 'en-US' for English, United States
            - 'de-AT' for German, Austria
            - 'fr-FR' for French, France
        ",Optional
oxylabs,oxylabs_google_search_scraper,"Scrape Google Search results.

Supports content parsing, different user agent types, pagination,
domain, geolocation, locale parameters and different output formats.
",output_format,Input,String,"
        The format of the output. Works only when parse parameter is false.
            - links - Most efficient when the goal is navigation or finding specific URLs. Use this first when you need to locate a specific page within a website.
            - md - Best for extracting and reading visible content once you've found the right page. Use this to get structured content that's easy to read and process.
            - html - Should be used sparingly only when you need the raw HTML structure, JavaScript code, or styling information.
        ",Optional
oxylabs,oxylabs_google_search_scraper,"Scrape Google Search results.

Supports content parsing, different user agent types, pagination,
domain, geolocation, locale parameters and different output formats.
",pages,Input,Integer,Number of pages to retrieve.,Optional
oxylabs,oxylabs_google_search_scraper,"Scrape Google Search results.

Supports content parsing, different user agent types, pagination,
domain, geolocation, locale parameters and different output formats.
",parse,Input,Boolean,"Should result be parsed. If the result is not parsed, the output_format parameter is applied.",Optional
oxylabs,oxylabs_google_search_scraper,"Scrape Google Search results.

Supports content parsing, different user agent types, pagination,
domain, geolocation, locale parameters and different output formats.
",query,Input,String,URL-encoded keyword to search for.,Required
oxylabs,oxylabs_google_search_scraper,"Scrape Google Search results.

Supports content parsing, different user agent types, pagination,
domain, geolocation, locale parameters and different output formats.
",render,Input,String,"
        Whether a headless browser should be used to render the page.
        For example:
            - 'html' when browser is required to render the page.
        ",Optional
oxylabs,oxylabs_google_search_scraper,"Scrape Google Search results.

Supports content parsing, different user agent types, pagination,
domain, geolocation, locale parameters and different output formats.
",start_page,Input,Integer,Starting page number.,Optional
oxylabs,oxylabs_google_search_scraper,"Scrape Google Search results.

Supports content parsing, different user agent types, pagination,
domain, geolocation, locale parameters and different output formats.
",user_agent_type,Input,String,Device type and browser that will be used to determine User-Agent header value.,Optional
oxylabs,oxylabs_universal_scraper,"Get a content of any webpage.

Supports browser rendering, parsing of certain webpages
and different output formats.
",geo_location,Input,String,"
        The geographical location that the result should be adapted for.
        Use ISO-3166 country codes.
        Examples:
            - 'California, United States'
            - 'Mexico'
            - 'US' for United States
            - 'DE' for Germany
            - 'FR' for France
        ",Optional
oxylabs,oxylabs_universal_scraper,"Get a content of any webpage.

Supports browser rendering, parsing of certain webpages
and different output formats.
",output_format,Input,String,"
        The format of the output. Works only when parse parameter is false.
            - links - Most efficient when the goal is navigation or finding specific URLs. Use this first when you need to locate a specific page within a website.
            - md - Best for extracting and reading visible content once you've found the right page. Use this to get structured content that's easy to read and process.
            - html - Should be used sparingly only when you need the raw HTML structure, JavaScript code, or styling information.
        ",Optional
oxylabs,oxylabs_universal_scraper,"Get a content of any webpage.

Supports browser rendering, parsing of certain webpages
and different output formats.
",render,Input,String,"
        Whether a headless browser should be used to render the page.
        For example:
            - 'html' when browser is required to render the page.
        ",Optional
oxylabs,oxylabs_universal_scraper,"Get a content of any webpage.

Supports browser rendering, parsing of certain webpages
and different output formats.
",url,Input,String,Website url to scrape.,Required
oxylabs,oxylabs_universal_scraper,"Get a content of any webpage.

Supports browser rendering, parsing of certain webpages
and different output formats.
",user_agent_type,Input,String,Device type and browser that will be used to determine User-Agent header value.,Optional
pubmed,pubmed_download_pubmed_pdf,,pmid,Input,String,,Required
pubmed,pubmed_get_pubmed_article_metadata,,pmid,Input,String,,Required
pubmed,pubmed_search_pubmed_advanced,,author,Input,String,,Optional
pubmed,pubmed_search_pubmed_advanced,,end_date,Input,String,,Optional
pubmed,pubmed_search_pubmed_advanced,,journal,Input,String,,Optional
pubmed,pubmed_search_pubmed_advanced,,num_results,Input,Integer,,Optional
pubmed,pubmed_search_pubmed_advanced,,start_date,Input,String,,Optional
pubmed,pubmed_search_pubmed_advanced,,term,Input,String,,Optional
pubmed,pubmed_search_pubmed_advanced,,title,Input,String,,Optional
pubmed,pubmed_search_pubmed_key_words,,key_words,Input,String,,Required
pubmed,pubmed_search_pubmed_key_words,,num_results,Input,Integer,,Optional
slack,slack_channels_list,Get list of channels,channel_types,Input,String,"Comma-separated channel types. Allowed values: 'mpim', 'im', 'public_channel', 'private_channel'. Example: 'public_channel,private_channel,im'",Required
slack,slack_channels_list,Get list of channels,cursor,Input,String,Cursor for pagination. Use the value of the last row and column in the response as next_cursor field returned from the previous request.,Optional
slack,slack_channels_list,Get list of channels,limit,Input,Number,The maximum number of items to return. Must be an integer between 1 and 1000 (maximum 999).,Optional
slack,slack_channels_list,Get list of channels,sort,Input,String,Type of sorting. Allowed values: 'popularity' - sort by number of members/participants in each channel.,Optional
slack,slack_conversations_add_message,"Add a message to a public channel, private channel, or direct message (DM, or IM) conversation by channel_id and thread_ts.",channel_id,Input,String,ID of the channel in format Cxxxxxxxxxx or its name starting with #... or @... aka #general or @username_dm.,Required
slack,slack_conversations_add_message,"Add a message to a public channel, private channel, or direct message (DM, or IM) conversation by channel_id and thread_ts.",content_type,Input,String,"Content type of the message. Default is 'text/markdown'. Allowed values: 'text/markdown', 'text/plain'.",Optional
slack,slack_conversations_add_message,"Add a message to a public channel, private channel, or direct message (DM, or IM) conversation by channel_id and thread_ts.",payload,Input,String,"Message payload in specified content_type format. Example: 'Hello, world!' for text/plain or '# Hello, world!' for text/markdown.",Optional
slack,slack_conversations_add_message,"Add a message to a public channel, private channel, or direct message (DM, or IM) conversation by channel_id and thread_ts.",thread_ts,Input,String,"Unique identifier of either a thread's parent message or a message in the thread_ts must be the timestamp in format 1234567890.123456 of an existing message with 0 or more replies. Optional, if not provided the message will be added to the channel itself, otherwise it will be added to the thread.",Optional
slack,slack_conversations_history,"Get messages from the channel (or DM) by channel_id, the last row/column in the response is used as 'cursor' parameter for pagination if not empty",channel_id,Input,String,    - `channel_id` (string): ID of the channel in format Cxxxxxxxxxx or its name starting with #... or @... aka #general or @username_dm.,Required
slack,slack_conversations_history,"Get messages from the channel (or DM) by channel_id, the last row/column in the response is used as 'cursor' parameter for pagination if not empty",cursor,Input,String,Cursor for pagination. Use the value of the last row and column in the response as next_cursor field returned from the previous request.,Optional
slack,slack_conversations_history,"Get messages from the channel (or DM) by channel_id, the last row/column in the response is used as 'cursor' parameter for pagination if not empty",include_activity_messages,Input,Boolean,"If true, the response will include activity messages such as 'channel_join' or 'channel_leave'. Default is boolean false.",Optional
slack,slack_conversations_history,"Get messages from the channel (or DM) by channel_id, the last row/column in the response is used as 'cursor' parameter for pagination if not empty",limit,Input,String,"Limit of messages to fetch in format of maximum ranges of time (e.g. 1d - 1 day, 1w - 1 week, 30d - 30 days, 90d - 90 days which is a default limit for free tier history) or number of messages (e.g. 50). Must be empty when 'cursor' is provided.",Optional
slack,slack_conversations_replies,"Get a thread of messages posted to a conversation by channelID and thread_ts, the last row/column in the response is used as 'cursor' parameter for pagination if not empty",channel_id,Input,String,ID of the channel in format Cxxxxxxxxxx or its name starting with #... or @... aka #general or @username_dm.,Required
slack,slack_conversations_replies,"Get a thread of messages posted to a conversation by channelID and thread_ts, the last row/column in the response is used as 'cursor' parameter for pagination if not empty",cursor,Input,String,Cursor for pagination. Use the value of the last row and column in the response as next_cursor field returned from the previous request.,Optional
slack,slack_conversations_replies,"Get a thread of messages posted to a conversation by channelID and thread_ts, the last row/column in the response is used as 'cursor' parameter for pagination if not empty",include_activity_messages,Input,Boolean,"If true, the response will include activity messages such as 'channel_join' or 'channel_leave'. Default is boolean false.",Optional
slack,slack_conversations_replies,"Get a thread of messages posted to a conversation by channelID and thread_ts, the last row/column in the response is used as 'cursor' parameter for pagination if not empty",limit,Input,String,"Limit of messages to fetch in format of maximum ranges of time (e.g. 1d - 1 day, 30d - 30 days, 90d - 90 days which is a default limit for free tier history) or number of messages (e.g. 50). Must be empty when 'cursor' is provided.",Optional
slack,slack_conversations_replies,"Get a thread of messages posted to a conversation by channelID and thread_ts, the last row/column in the response is used as 'cursor' parameter for pagination if not empty",thread_ts,Input,String,Unique identifier of either a thread's parent message or a message in the thread. ts must be the timestamp in format 1234567890.123456 of an existing message with 0 or more replies.,Required
slack,slack_conversations_search_messages,"Search messages in a public channel, private channel, or direct message (DM, or IM) conversation using filters. All filters are optional, if not provided then search_query is required.",cursor,Input,String,Cursor for pagination. Use the value of the last row and column in the response as next_cursor field returned from the previous request.,Optional
slack,slack_conversations_search_messages,"Search messages in a public channel, private channel, or direct message (DM, or IM) conversation using filters. All filters are optional, if not provided then search_query is required.",filter_date_after,Input,String,"Filter messages sent after a specific date in format 'YYYY-MM-DD'. Example: '2023-10-01', 'July', 'Yesterday' or 'Today'. If not provided, all dates will be searched.",Optional
slack,slack_conversations_search_messages,"Search messages in a public channel, private channel, or direct message (DM, or IM) conversation using filters. All filters are optional, if not provided then search_query is required.",filter_date_before,Input,String,"Filter messages sent before a specific date in format 'YYYY-MM-DD'. Example: '2023-10-01', 'July', 'Yesterday' or 'Today'. If not provided, all dates will be searched.",Optional
slack,slack_conversations_search_messages,"Search messages in a public channel, private channel, or direct message (DM, or IM) conversation using filters. All filters are optional, if not provided then search_query is required.",filter_date_during,Input,String,"Filter messages sent during a specific period in format 'YYYY-MM-DD'. Example: 'July', 'Yesterday' or 'Today'. If not provided, all dates will be searched.",Optional
slack,slack_conversations_search_messages,"Search messages in a public channel, private channel, or direct message (DM, or IM) conversation using filters. All filters are optional, if not provided then search_query is required.",filter_date_on,Input,String,"Filter messages sent on a specific date in format 'YYYY-MM-DD'. Example: '2023-10-01', 'July', 'Yesterday' or 'Today'. If not provided, all dates will be searched.",Optional
slack,slack_conversations_search_messages,"Search messages in a public channel, private channel, or direct message (DM, or IM) conversation using filters. All filters are optional, if not provided then search_query is required.",filter_in_channel,Input,String,"Filter messages in a specific channel by its ID or name. Example: 'C1234567890' or '#general'. If not provided, all channels will be searched.",Optional
slack,slack_conversations_search_messages,"Search messages in a public channel, private channel, or direct message (DM, or IM) conversation using filters. All filters are optional, if not provided then search_query is required.",filter_in_im_or_mpim,Input,String,"Filter messages in a direct message (DM) or multi-person direct message (MPIM) conversation by its ID or name. Example: 'D1234567890' or '@username_dm'. If not provided, all DMs and MPIMs will be searched.",Optional
slack,slack_conversations_search_messages,"Search messages in a public channel, private channel, or direct message (DM, or IM) conversation using filters. All filters are optional, if not provided then search_query is required.",filter_threads_only,Input,Boolean,"If true, the response will include only messages from threads. Default is boolean false.",Optional
slack,slack_conversations_search_messages,"Search messages in a public channel, private channel, or direct message (DM, or IM) conversation using filters. All filters are optional, if not provided then search_query is required.",filter_users_from,Input,String,"Filter messages from a specific user by their ID or display name. Example: 'U1234567890' or '@username'. If not provided, all users will be searched.",Optional
slack,slack_conversations_search_messages,"Search messages in a public channel, private channel, or direct message (DM, or IM) conversation using filters. All filters are optional, if not provided then search_query is required.",filter_users_with,Input,String,"Filter messages with a specific user by their ID or display name in threads and DMs. Example: 'U1234567890' or '@username'. If not provided, all threads and DMs will be searched.",Optional
slack,slack_conversations_search_messages,"Search messages in a public channel, private channel, or direct message (DM, or IM) conversation using filters. All filters are optional, if not provided then search_query is required.",limit,Input,Number,The maximum number of items to return. Must be an integer between 1 and 100.,Optional
slack,slack_conversations_search_messages,"Search messages in a public channel, private channel, or direct message (DM, or IM) conversation using filters. All filters are optional, if not provided then search_query is required.",search_query,Input,String,"Search query to filter messages. Example: 'marketing report' or full URL of Slack message e.g. 'https://slack.com/archives/C1234567890/p1234567890123456', then the tool will return a single message matching given URL, herewith all other parameters will be ignored.",Optional
twelvedata,twelvedata_GetApiUsage,This endpoint will provide information on the current usage of Twelve Data API.,params,Input,String,,Required
twelvedata,twelvedata_GetCommodities,This API call returns an array of commodity pairs available at Twelve Data API. This list is updated daily.,params,Input,String,,Required
twelvedata,twelvedata_GetCrossListings,This API call returns an array of cross listed symbols for a specified instrument. Cross listings are the same securities listed on different exchanges. This list is updated daily.,params,Input,String,,Required
twelvedata,twelvedata_GetCryptocurrencies,This API call returns an array of cryptocurrencies available at Twelve Data API. This list is updated daily.,params,Input,String,,Required
twelvedata,twelvedata_GetCryptocurrencyExchanges,This API call returns an array of cryptocurrency exchanges available at Twelve Data API. This list is updated daily.,params,Input,String,,Required
twelvedata,twelvedata_GetCurrencyConversion,This API call returns real-time exchange rate and converted amount for currency pair. Works with forex and cryptocurrency.,params,Input,String,,Required
twelvedata,twelvedata_GetDividends,Returns the amount of dividends paid out for the last 10+ years.,params,Input,String,,Required
twelvedata,twelvedata_GetEarliestTimestamp,This method returns the first available DateTime for a given instrument at the specific interval.,params,Input,String,,Required
twelvedata,twelvedata_GetEarnings,"This API call returns earnings data for a given company, including EPS estimate and EPS actual. Earnings are available for complete company history.",params,Input,String,,Required
twelvedata,twelvedata_GetEod,This endpoint returns the latest End of Day (EOD) price of an instrument.,params,Input,String,,Required
twelvedata,twelvedata_GetEtf,This API call returns an array of ETFs available at Twelve Data API. This list is updated daily.,params,Input,String,,Required
twelvedata,twelvedata_GetExchangeRate,This API call returns real-time exchange rate for currency pair. Works with forex and cryptocurrency.,params,Input,String,,Required
twelvedata,twelvedata_GetExchanges,This API call returns an array of stock or ETF exchanges available at Twelve Data API. This list is updated daily.,params,Input,String,,Required
twelvedata,twelvedata_GetForexPairs,This API call returns an array of forex pairs available at Twelve Data API. This list is updated daily.,params,Input,String,,Required
twelvedata,twelvedata_GetFunds,This API call returns an array of funds available at Twelve Data API. This list is updated daily.,params,Input,String,,Required
twelvedata,twelvedata_GetIpoCalendar,"This endpoint returns past, today, or upcoming IPOs.",params,Input,String,,Required
twelvedata,twelvedata_GetLogo,"Returns a logo of company, cryptocurrency, or forex pair.",params,Input,String,,Required
twelvedata,twelvedata_GetMarketState,"Check the state of all available exchanges, time to open, and time to close. Returns all available stock exchanges by default.",params,Input,String,,Required
twelvedata,twelvedata_GetPrice,This endpoint is a lightweight method that allows retrieving only the real-time price of the selected instrument.,params,Input,String,,Required
twelvedata,twelvedata_GetProfile,Returns general information about the company.,params,Input,String,,Required
twelvedata,twelvedata_GetQuote,Quote endpoint is an efficient method to retrieve the latest quote of the selected instrument.,params,Input,String,,Required
twelvedata,twelvedata_GetSplits,Returns the date and the split factor of shares of the company for the last 10+ years.,params,Input,String,,Required
twelvedata,twelvedata_GetStatistics,Returns current overview of company’s main statistics including valuation metrics and financials.,params,Input,String,,Required
twelvedata,twelvedata_GetStocks,This API call returns an array of symbols available at Twelve Data API. This list is updated daily.,params,Input,String,,Required
twelvedata,twelvedata_GetSymbolSearch,"This method helps to find the best matching symbol. It can be used as the base for custom lookups. The response is returned in descending order, with the most relevant instrument at the beginning.",params,Input,String,,Required
twelvedata,twelvedata_GetTechnicalIndicators,This API call returns an array of objects with available technical indicators. This endpoint might be used to build an abstract interface to make more convenient API calls from the application.,params,Input,String,,Required
twelvedata,twelvedata_GetTimeSeries,"This API call returns meta and time series for the requested instrument. Metaobject consists of general information about the requested symbol. Time series is the array of objects ordered by time descending with Open, High, Low, Close prices. Non-currency instruments also include volume information.",params,Input,String,,Required
twelvedata,twelvedata_GetTimeSeriesAdx,"The Average Directional Index (ADX) measures the strength of a trend, regardless of direction, helping traders determine if a market is trending or ranging.",params,Input,String,,Required
twelvedata,twelvedata_GetTimeSeriesAtr,"The Average True Range (ATR) is a volatility indicator that measures the average range of price movement over a specified period, helping traders assess market volatility.",params,Input,String,,Required
twelvedata,twelvedata_GetTimeSeriesBBands,"Bollinger Bands (BBANDS) are volatility bands placed above and below a moving average, measuring price volatility and helping traders identify potential overbought or oversold conditions.",params,Input,String,,Required
twelvedata,twelvedata_GetTimeSeriesCross,"This API call returns meta and cross rate time series for the requested instruments. Metaobject consists of general information about the requested symbol. Time series is the array of objects ordered by time descending with Open, High, Low, Close prices. Works with stocks, forex and cryptocurrency.",params,Input,String,,Required
twelvedata,twelvedata_GetTimeSeriesEma,"The Exponential Moving Average (EMA) is a weighted moving average that gives more importance to recent price data, making it more responsive to new information and helping traders identify trends and potential entry or exit points.",params,Input,String,,Required
twelvedata,twelvedata_GetTimeSeriesMacd,"The Moving Average Convergence Divergence (MACD) is a momentum indicator that measures the difference between two moving averages, with a signal line used to identify potential trend reversals and trading opportunities.",params,Input,String,,Required
twelvedata,twelvedata_GetTimeSeriesRsi,"The Relative Strength Index (RSI) is a momentum oscillator that measures the speed and change of price movements, helping traders identify potential overbought or oversold conditions and trend reversals.",params,Input,String,,Required
twelvedata,twelvedata_GetTimeSeriesSma,"The Simple Moving Average (SMA) is a smoothing indicator that calculates the average price of a security over a specified period, helping traders identify trends and potential support or resistance levels.",params,Input,String,,Required
weather,weather_find_weather_stations,"Find weather observation stations near a location in the United States. Useful for getting station-specific data, finding data sources, or understanding which stations provide weather data for an area. Includes ASOS, AWOS, and other automated weather stations.",limit,Input,Number,"Maximum number of stations to return (1-20, default 10). Stations are returned ordered by distance from the specified location.",Optional
weather,weather_find_weather_stations,"Find weather observation stations near a location in the United States. Useful for getting station-specific data, finding data sources, or understanding which stations provide weather data for an area. Includes ASOS, AWOS, and other automated weather stations.",location,Input,String,"US location as coordinates (lat,lng) in decimal degrees. Example: '40.7128,-74.0060' for New York City. Must be within US boundaries including states, territories (PR, VI, AS, GU, MP), and coastal waters.",Required
weather,weather_get_current_weather,"Get current weather conditions for a location in the United States. Perfect for 'What's the weather like in [US location]?' questions. Covers all US states, territories, and coastal waters.",location,Input,String,"US location as coordinates (lat,lng) in decimal degrees. Example: '40.7128,-74.0060' for New York City. Must be within US boundaries including states, territories (PR, VI, AS, GU, MP), and coastal waters.",Required
weather,weather_get_hourly_forecast,Get hour-by-hour weather forecast for a location in the United States. Perfect for 'What's the hourly forecast?' or 'Will it rain this afternoon in [US location]?' questions. Provides detailed hourly conditions for up to 48 hours.,hours,Input,Number,"Number of hours to forecast (1-48, default 24). Provides temperature, conditions, and precipitation probability for each hour.",Optional
weather,weather_get_hourly_forecast,Get hour-by-hour weather forecast for a location in the United States. Perfect for 'What's the hourly forecast?' or 'Will it rain this afternoon in [US location]?' questions. Provides detailed hourly conditions for up to 48 hours.,location,Input,String,"US location as coordinates (lat,lng) in decimal degrees. Example: '40.7128,-74.0060' for New York City. Must be within US boundaries including states, territories (PR, VI, AS, GU, MP), and coastal waters.",Required
weather,weather_get_local_time,Get the current local time for a US location. Shows what time it is right now at the specified location.,location,Input,String,"US location as coordinates (lat,lng) in decimal degrees. Example: '40.7128,-74.0060' for New York City.",Required
weather,weather_get_weather_alerts,"Get active weather alerts, warnings, watches, and advisories for locations in the United States. Perfect for 'Are there any weather alerts in [US location]?' questions. Covers severe weather, winter storms, heat warnings, flood alerts, and more.",location,Input,String,"US location as coordinates (lat,lng) in decimal degrees OR 2-letter state/territory code. Examples: '40.7128,-74.0060' for New York City, 'CA' for California, 'PR' for Puerto Rico. Valid state codes: AL, AK, AS, AR, AZ, CA, CO, CT, DE, DC, FL, GA, GU, HI, ID, IL, IN, IA, KS, KY, LA, ME, MD, MA, MI, MN, MS, MO, MT, NE, NV, NH, NJ, NM, NY, NC, ND, OH, OK, OR, PA, PR, RI, SC, SD, TN, TX, UT, VT, VI, VA, WA, WV, WI, WY, MP, PW, FM, MH.",Required
weather,weather_get_weather_alerts,"Get active weather alerts, warnings, watches, and advisories for locations in the United States. Perfect for 'Are there any weather alerts in [US location]?' questions. Covers severe weather, winter storms, heat warnings, flood alerts, and more.",severity,Input,String,"Filter by alert severity: 'extreme' (life-threatening), 'severe' (significant threat), 'moderate' (possible threat), 'minor' (minimal threat), or 'all' (default - shows all active alerts).",Optional
weather,weather_get_weather_forecast,Get multi-day weather forecast for a location in the United States. Perfect for 'What's the forecast for [US location]?' questions. Provides detailed day/night forecasts for up to 7 days.,days,Input,Number,"Number of days to forecast (1-7, default 7). Each day includes both day and night periods.",Optional
weather,weather_get_weather_forecast,Get multi-day weather forecast for a location in the United States. Perfect for 'What's the forecast for [US location]?' questions. Provides detailed day/night forecasts for up to 7 days.,location,Input,String,"US location as coordinates (lat,lng) in decimal degrees. Example: '40.7128,-74.0060' for New York City. Must be within US boundaries including states, territories (PR, VI, AS, GU, MP), and coastal waters.",Required
weather-data,weather-data_weather_airquality,"
Get air quality for a location.
Args:
    q (str): Location query.
Returns:
    dict: WeatherAPI air quality JSON.
",q,Input,String,,Required
weather-data,weather-data_weather_alerts,"
Get weather alerts for a location.
Args:
    q (str): Location query.
Returns:
    dict: WeatherAPI alerts JSON.
",q,Input,String,,Required
weather-data,weather-data_weather_astronomy,"
Get astronomy data (sunrise, sunset, moon) for a date (YYYY-MM-DD).
Args:
    q (str): Location query.
    dt (str): Date in YYYY-MM-DD format.
Returns:
    dict: WeatherAPI astronomy JSON.
",dt,Input,String,,Required
weather-data,weather-data_weather_astronomy,"
Get astronomy data (sunrise, sunset, moon) for a date (YYYY-MM-DD).
Args:
    q (str): Location query.
    dt (str): Date in YYYY-MM-DD format.
Returns:
    dict: WeatherAPI astronomy JSON.
",q,Input,String,,Required
weather-data,weather-data_weather_current,"
Get current weather for a location.
Args:
    q (str): Location query (city name, lat/lon, postal code, etc).
    aqi (str): Include air quality data ('yes' or 'no').
Returns:
    dict: WeatherAPI current weather JSON.
",aqi,Input,String,,Optional
weather-data,weather-data_weather_current,"
Get current weather for a location.
Args:
    q (str): Location query (city name, lat/lon, postal code, etc).
    aqi (str): Include air quality data ('yes' or 'no').
Returns:
    dict: WeatherAPI current weather JSON.
",q,Input,String,,Required
weather-data,weather-data_weather_forecast,"
Get weather forecast (1–14 days) for a location.
Args:
    q (str): Location query (city name, lat/lon, postal code, etc).
    days (int): Number of days (1–14).
    aqi (str): Include air quality ('yes' or 'no').
    alerts (str): Include weather alerts ('yes' or 'no').
Returns:
    dict: WeatherAPI forecast JSON.
",alerts,Input,String,,Optional
weather-data,weather-data_weather_forecast,"
Get weather forecast (1–14 days) for a location.
Args:
    q (str): Location query (city name, lat/lon, postal code, etc).
    days (int): Number of days (1–14).
    aqi (str): Include air quality ('yes' or 'no').
    alerts (str): Include weather alerts ('yes' or 'no').
Returns:
    dict: WeatherAPI forecast JSON.
",aqi,Input,String,,Optional
weather-data,weather-data_weather_forecast,"
Get weather forecast (1–14 days) for a location.
Args:
    q (str): Location query (city name, lat/lon, postal code, etc).
    days (int): Number of days (1–14).
    aqi (str): Include air quality ('yes' or 'no').
    alerts (str): Include weather alerts ('yes' or 'no').
Returns:
    dict: WeatherAPI forecast JSON.
",days,Input,Integer,,Optional
weather-data,weather-data_weather_forecast,"
Get weather forecast (1–14 days) for a location.
Args:
    q (str): Location query (city name, lat/lon, postal code, etc).
    days (int): Number of days (1–14).
    aqi (str): Include air quality ('yes' or 'no').
    alerts (str): Include weather alerts ('yes' or 'no').
Returns:
    dict: WeatherAPI forecast JSON.
",q,Input,String,,Required
weather-data,weather-data_weather_history,"
Get historical weather for a location on a given date (YYYY-MM-DD).
Args:
    q (str): Location query.
    dt (str): Date in YYYY-MM-DD format.
Returns:
    dict: WeatherAPI history JSON.
",dt,Input,String,,Required
weather-data,weather-data_weather_history,"
Get historical weather for a location on a given date (YYYY-MM-DD).
Args:
    q (str): Location query.
    dt (str): Date in YYYY-MM-DD format.
Returns:
    dict: WeatherAPI history JSON.
",q,Input,String,,Required
weather-data,weather-data_weather_search,"
Search for locations matching query.
Args:
    q (str): Location query.
Returns:
    dict: WeatherAPI search JSON.
",q,Input,String,,Required
weather-data,weather-data_weather_sports,"
Get sports events (e.g., football, cricket) for a location.
Args:
    q (str): Location query.
Returns:
    dict: WeatherAPI sports JSON.
",q,Input,String,,Required
weather-data,weather-data_weather_timezone,"
Get timezone info for a location.
Args:
    q (str): Location query.
Returns:
    dict: WeatherAPI timezone JSON.
",q,Input,String,,Required
whois,whois_whois_as,Looksup whois information about the Autonomous System Number (ASN),asn,Input,String,,Required
whois,whois_whois_domain,Looksup whois information about the domain,domain,Input,String,,Required
whois,whois_whois_ip,Looksup whois information about the IP,ip,Input,String,,Required
whois,whois_whois_tld,Looksup whois information about the Top Level Domain (TLD),tld,Input,String,,Required
wikipedia,wikipedia_extract_key_facts,"Extract key facts from a Wikipedia article, optionally focused on a topic.",count,Input,Integer,,Optional
wikipedia,wikipedia_extract_key_facts,"Extract key facts from a Wikipedia article, optionally focused on a topic.",title,Input,String,,Required
wikipedia,wikipedia_extract_key_facts,"Extract key facts from a Wikipedia article, optionally focused on a topic.",topic_within_article,Input,String,,Optional
wikipedia,wikipedia_get_article,Get the full content of a Wikipedia article.,title,Input,String,,Required
wikipedia,wikipedia_get_links,Get the links contained within a Wikipedia article.,title,Input,String,,Required
wikipedia,wikipedia_get_related_topics,Get topics related to a Wikipedia article based on links and categories.,limit,Input,Integer,,Optional
wikipedia,wikipedia_get_related_topics,Get topics related to a Wikipedia article based on links and categories.,title,Input,String,,Required
wikipedia,wikipedia_get_sections,Get the sections of a Wikipedia article.,title,Input,String,,Required
wikipedia,wikipedia_get_summary,Get a summary of a Wikipedia article.,title,Input,String,,Required
wikipedia,wikipedia_search_wikipedia,Search Wikipedia for articles matching a query.,limit,Input,Integer,,Optional
wikipedia,wikipedia_search_wikipedia,Search Wikipedia for articles matching a query.,query,Input,String,,Required
wikipedia,wikipedia_summarize_article_for_query,Get a summary of a Wikipedia article tailored to a specific query.,max_length,Input,Integer,,Optional
wikipedia,wikipedia_summarize_article_for_query,Get a summary of a Wikipedia article tailored to a specific query.,query,Input,String,,Required
wikipedia,wikipedia_summarize_article_for_query,Get a summary of a Wikipedia article tailored to a specific query.,title,Input,String,,Required
wikipedia,wikipedia_summarize_article_section,Get a summary of a specific section of a Wikipedia article.,max_length,Input,Integer,,Optional
wikipedia,wikipedia_summarize_article_section,Get a summary of a specific section of a Wikipedia article.,section_title,Input,String,,Required
wikipedia,wikipedia_summarize_article_section,Get a summary of a specific section of a Wikipedia article.,title,Input,String,,Required
